ctared;descta;conta_agrupada;des_grupo;des_cod_grupo;des_subtipo;des_cod_subtipo;des_tipo;des_cod_tipo
6253;ESTAGIÁRIOS;OUTROS CUSTOS;DESPESAS;75317;DESPESAS COM PESSOAL;75325;CUSTOS E DESPESAS OPERACIONAIS;75316
4564;REMUNERAÇÃO CONSELHO DE ADMINISTRAÇÃO;OUTROS CUSTOS;DESPESAS;75317;DESPESAS COM PESSOAL;75325;CUSTOS E DESPESAS OPERACIONAIS;75316
6274;COMISSÕES;OUTROS CUSTOS;DESPESAS;75317;DESPESAS COM PESSOAL;75325;CUSTOS E DESPESAS OPERACIONAIS;75316
4561;PRO-LABORE;OUTROS CUSTOS;DESPESAS;75317;DESPESAS COM PESSOAL;75325;CUSTOS E DESPESAS OPERACIONAIS;75316
3302;ASSISTÊNCIA A EMPREGADOS;OUTROS CUSTOS;DESPESAS;75317;DESPESAS COM PESSOAL;75325;CUSTOS E DESPESAS OPERACIONAIS;75316
3322;PROGRAMA DE ALIMENTAÇÃO AO TRABALHADO;OUTROS CUSTOS;DESPESAS;75317;DESPESAS COM PESSOAL;75325;CUSTOS E DESPESAS OPERACIONAIS;75316
3352;ASSOCIAÇÃO DOS FUNCIONÁRIOS;OUTROS CUSTOS;DESPESAS;75317;DESPESAS COM PESSOAL;75325;CUSTOS E DESPESAS OPERACIONAIS;75316
3362;PARTICIPAÇÃO LUCROS FUNCIONÁRIOS;OUTROS CUSTOS;DESPESAS;75317;DESPESAS COM PESSOAL;75325;CUSTOS E DESPESAS OPERACIONAIS;75316
3432;DESPESAS SERVIÇOS TECNOLOGIA (INATIVA);OUTROS CUSTOS;DESPESAS;75317;DESPESAS COM PESSOAL;75325;CUSTOS E DESPESAS OPERACIONAIS;75316
4562;PRO-LABORE;OUTROS CUSTOS;DESPESAS;75317;DESPESAS COM PESSOAL;75325;CUSTOS E DESPESAS OPERACIONAIS;75316
3281;FGTS;OUTROS CUSTOS;DESPESAS;75317;DESPESAS COM PESSOAL;75325;CUSTOS E DESPESAS OPERACIONAIS;75316
3321;PROGRAMA DE ALIMENTAÇÃO AO TRABALHADO;OUTROS CUSTOS;DESPESAS;75317;DESPESAS COM PESSOAL;75325;CUSTOS E DESPESAS OPERACIONAIS;75316
3361;PARTICIPAÇÃO LUCROS FUNCIONÁRIOS;OUTROS CUSTOS;DESPESAS;75317;DESPESAS COM PESSOAL;75325;CUSTOS E DESPESAS OPERACIONAIS;75316
3381;AUXÍLIO TRANSPORTE (INATIVA);OUTROS CUSTOS;DESPESAS;75317;DESPESAS COM PESSOAL;75325;CUSTOS E DESPESAS OPERACIONAIS;75316
3391;SEGURO SAÚDE;OUTROS CUSTOS;DESPESAS;75317;DESPESAS COM PESSOAL;75325;CUSTOS E DESPESAS OPERACIONAIS;75316
3431;DESPESAS SERVIÇOS TECNOLOGIA (INATIVA);OUTROS CUSTOS;DESPESAS;75317;DESPESAS COM PESSOAL;75325;CUSTOS E DESPESAS OPERACIONAIS;75316
6262;CRÉDITO - REVISÃO ORÇAMENTÁRIA (PESSOAL);OUTROS CUSTOS;DESPESAS;75317;DESPESAS COM PESSOAL;75325;CUSTOS E DESPESAS OPERACIONAIS;75316
6272;FUNDO DE RESCISÕES - DESPESA;OUTROS CUSTOS;DESPESAS;75317;DESPESAS COM PESSOAL;75325;CUSTOS E DESPESAS OPERACIONAIS;75316
6662;REDUÇOES LEI 12.546 DE 2011;OUTROS CUSTOS;DESPESAS;75317;DESPESAS COM PESSOAL;75325;CUSTOS E DESPESAS OPERACIONAIS;75316
3263;HOMENAGEM TEMPO EMPRESA;OUTROS CUSTOS;DESPESAS;75317;DESPESAS COM PESSOAL;75325;CUSTOS E DESPESAS OPERACIONAIS;75316
3264;HOMENAGEM TEMPO EMPRESA;OUTROS CUSTOS;DESPESAS;75317;DESPESAS COM PESSOAL;75325;CUSTOS E DESPESAS OPERACIONAIS;75316
8439;COMPL HONORARIO DIR. ESTATUTARIO;OUTROS CUSTOS;DESPESAS;75317;DESPESAS COM PESSOAL;75325;CUSTOS E DESPESAS OPERACIONAIS;75316
3272;INSS;OUTROS CUSTOS;DESPESAS;75317;DESPESAS COM PESSOAL;75325;CUSTOS E DESPESAS OPERACIONAIS;75316
3282;FGTS;OUTROS CUSTOS;DESPESAS;75317;DESPESAS COM PESSOAL;75325;CUSTOS E DESPESAS OPERACIONAIS;75316
3422;PREVIDÊNCIA PRIVADA;OUTROS CUSTOS;DESPESAS;75317;DESPESAS COM PESSOAL;75325;CUSTOS E DESPESAS OPERACIONAIS;75316
3271;INSS;OUTROS CUSTOS;DESPESAS;75317;DESPESAS COM PESSOAL;75325;CUSTOS E DESPESAS OPERACIONAIS;75316
3291;13O SALÁRIO;OUTROS CUSTOS;DESPESAS;75317;DESPESAS COM PESSOAL;75325;CUSTOS E DESPESAS OPERACIONAIS;75316
3311;VALE TRANSPORTE;OUTROS CUSTOS;DESPESAS;75317;DESPESAS COM PESSOAL;75325;CUSTOS E DESPESAS OPERACIONAIS;75316
3341;DISTRIBUIÇÃO A FUNCIONÁRIOS;OUTROS CUSTOS;DESPESAS;75317;DESPESAS COM PESSOAL;75325;CUSTOS E DESPESAS OPERACIONAIS;75316
3411;RESPONSABILIDADE SOCIAL;OUTROS CUSTOS;DESPESAS;75317;DESPESAS COM PESSOAL;75325;CUSTOS E DESPESAS OPERACIONAIS;75316
6502;ENQUADRAMENTO (INATIVA);OUTROS CUSTOS;DESPESAS;75317;DESPESAS COM PESSOAL;75325;CUSTOS E DESPESAS OPERACIONAIS;75316
3277;ABONO DE FÉRIAS;OUTROS CUSTOS;DESPESAS;75317;DESPESAS COM PESSOAL;75325;CUSTOS E DESPESAS OPERACIONAIS;75316
3278;ABONO DE FÉRIAS;OUTROS CUSTOS;DESPESAS;75317;DESPESAS COM PESSOAL;75325;CUSTOS E DESPESAS OPERACIONAIS;75316
3279;AÇÕES RECONHECIMENTO E RECOMPENSA;OUTROS CUSTOS;DESPESAS;75317;DESPESAS COM PESSOAL;75325;CUSTOS E DESPESAS OPERACIONAIS;75316
6512;ENQUADRAMENTO (INATIVA);OUTROS CUSTOS;DESPESAS;75317;DESPESAS COM PESSOAL;75325;CUSTOS E DESPESAS OPERACIONAIS;75316
6652;INSS LEI 12.546 DE 2011;OUTROS CUSTOS;DESPESAS;75317;DESPESAS COM PESSOAL;75325;CUSTOS E DESPESAS OPERACIONAIS;75316
7767;DISPENDIOS LEI 11.196/2005 - 2014;OUTROS CUSTOS;DESPESAS;75317;DESPESAS COM PESSOAL;75325;CUSTOS E DESPESAS OPERACIONAIS;75316
3376;SALÁRIO EMPRESA CIDADÃ;OUTROS CUSTOS;DESPESAS;75317;DESPESAS COM PESSOAL;75325;CUSTOS E DESPESAS OPERACIONAIS;75316
8429;COMPL HONORARIO DIR. ESTATUTARIO;OUTROS CUSTOS;DESPESAS;75317;DESPESAS COM PESSOAL;75325;CUSTOS E DESPESAS OPERACIONAIS;75316
7976;FÉRIAS - LEI DO BEM;OUTROS CUSTOS;DESPESAS;75317;DESPESAS COM PESSOAL;75325;CUSTOS E DESPESAS OPERACIONAIS;75316
6256;DÉBITO - REVISÃO COVID 19 (PESSOAL);OUTROS CUSTOS;DESPESAS;75317;DESPESAS COM PESSOAL;75325;CUSTOS E DESPESAS OPERACIONAIS;75316
6277;CRÉDITO - REVISÃO COVID 19 (PESSOAL);OUTROS CUSTOS;DESPESAS;75317;DESPESAS COM PESSOAL;75325;CUSTOS E DESPESAS OPERACIONAIS;75316
6276;ILP EXECUTIVOS;OUTROS CUSTOS;DESPESAS;75317;DESPESAS COM PESSOAL;75325;CUSTOS E DESPESAS OPERACIONAIS;75316
10408;GASTOS COM PROJETOS DE DESENVOLVIMENTO LANÇADOS NO INTANGÍVEL;OUTROS CUSTOS;DESPESAS;75317;DESPESAS COM PESSOAL;75325;CUSTOS E DESPESAS OPERACIONAIS;75316
6273;ESTAGIARIOS;OUTROS CUSTOS;DESPESAS;75317;DESPESAS COM PESSOAL;75325;CUSTOS E DESPESAS OPERACIONAIS;75316
10798;PROVISÃO CCT;OUTROS CUSTOS;DESPESAS;75317;DESPESAS COM PESSOAL;75325;CUSTOS E DESPESAS OPERACIONAIS;75316
8068;CONVENÇÃO COLETIVA RETROATIVA;OUTROS CUSTOS;DESPESAS;75317;DESPESAS COM PESSOAL;75325;CUSTOS E DESPESAS OPERACIONAIS;75316
3312;VALE TRANSPORTE;OUTROS CUSTOS;DESPESAS;75317;DESPESAS COM PESSOAL;75325;CUSTOS E DESPESAS OPERACIONAIS;75316
3332;FÉRIAS;OUTROS CUSTOS;DESPESAS;75317;DESPESAS COM PESSOAL;75325;CUSTOS E DESPESAS OPERACIONAIS;75316
3342;DISTRIBUIÇÃO A FUNCIONÁRIOS;OUTROS CUSTOS;DESPESAS;75317;DESPESAS COM PESSOAL;75325;CUSTOS E DESPESAS OPERACIONAIS;75316
3392;SEGURO SAÚDE;OUTROS CUSTOS;DESPESAS;75317;DESPESAS COM PESSOAL;75325;CUSTOS E DESPESAS OPERACIONAIS;75316
3412;RESPONSABILIDADE SOCIAL;OUTROS CUSTOS;DESPESAS;75317;DESPESAS COM PESSOAL;75325;CUSTOS E DESPESAS OPERACIONAIS;75316
3261;SALÁRIOS;OUTROS CUSTOS;DESPESAS;75317;DESPESAS COM PESSOAL;75325;CUSTOS E DESPESAS OPERACIONAIS;75316
3331;FÉRIAS;OUTROS CUSTOS;DESPESAS;75317;DESPESAS COM PESSOAL;75325;CUSTOS E DESPESAS OPERACIONAIS;75316
3351;ASSOCIAÇÃO DOS FUNCIONÁRIOS;OUTROS CUSTOS;DESPESAS;75317;DESPESAS COM PESSOAL;75325;CUSTOS E DESPESAS OPERACIONAIS;75316
6282;CRÉDITO - REVISÃO ORÇAMENTÁRIA (PESSOAL);OUTROS CUSTOS;DESPESAS;75317;DESPESAS COM PESSOAL;75325;CUSTOS E DESPESAS OPERACIONAIS;75316
3280;AÇÕES RECONHECIMENTO E RECOMPENSA;OUTROS CUSTOS;DESPESAS;75317;DESPESAS COM PESSOAL;75325;CUSTOS E DESPESAS OPERACIONAIS;75316
6201;AUXILIO CRECHE;OUTROS CUSTOS;DESPESAS;75317;DESPESAS COM PESSOAL;75325;CUSTOS E DESPESAS OPERACIONAIS;75316
6562;SALÁRIO HORA EXTRA;OUTROS CUSTOS;DESPESAS;75317;DESPESAS COM PESSOAL;75325;CUSTOS E DESPESAS OPERACIONAIS;75316
6602;ASSISTÊNCIA A EMPREGADOS (INATIVA);OUTROS CUSTOS;DESPESAS;75317;DESPESAS COM PESSOAL;75325;CUSTOS E DESPESAS OPERACIONAIS;75316
6612;ASSISTÊNCIA A EMPREGADOS;OUTROS CUSTOS;DESPESAS;75317;DESPESAS COM PESSOAL;75325;CUSTOS E DESPESAS OPERACIONAIS;75316
6202;AUXILIO CRECHE;OUTROS CUSTOS;DESPESAS;75317;DESPESAS COM PESSOAL;75325;CUSTOS E DESPESAS OPERACIONAIS;75316
6452;PROCESSOS TRABALHISTAS;OUTROS CUSTOS;DESPESAS;75317;DESPESAS COM PESSOAL;75325;CUSTOS E DESPESAS OPERACIONAIS;75316
3285;BÔNUS DE VENDAS;OUTROS CUSTOS;DESPESAS;75317;DESPESAS COM PESSOAL;75325;CUSTOS E DESPESAS OPERACIONAIS;75316
3377;SALÁRIO EMPRESA CIDADÃ;OUTROS CUSTOS;DESPESAS;75317;DESPESAS COM PESSOAL;75325;CUSTOS E DESPESAS OPERACIONAIS;75316
6255;CRÉDITO - REVISÃO COVID 19 (PESSOAL);OUTROS CUSTOS;DESPESAS;75317;DESPESAS COM PESSOAL;75325;CUSTOS E DESPESAS OPERACIONAIS;75316
10407;GASTOS COM PROJETOS DE DESENVOLVIMENTO LANÇADOS NO INTANGÍVEL;OUTROS CUSTOS;DESPESAS;75317;DESPESAS COM PESSOAL;75325;CUSTOS E DESPESAS OPERACIONAIS;75316
3262;SALÁRIOS;OUTROS CUSTOS;DESPESAS;75317;DESPESAS COM PESSOAL;75325;CUSTOS E DESPESAS OPERACIONAIS;75316
3292;13O SALÁRIO;OUTROS CUSTOS;DESPESAS;75317;DESPESAS COM PESSOAL;75325;CUSTOS E DESPESAS OPERACIONAIS;75316
3382;AUXÍLIO TRANSPORTE (INATIVA);OUTROS CUSTOS;DESPESAS;75317;DESPESAS COM PESSOAL;75325;CUSTOS E DESPESAS OPERACIONAIS;75316
4572;ENCARGOS SOCIAIS;OUTROS CUSTOS;DESPESAS;75317;DESPESAS COM PESSOAL;75325;CUSTOS E DESPESAS OPERACIONAIS;75316
3301;ASSISTÊNCIA A EMPREGADOS;OUTROS CUSTOS;DESPESAS;75317;DESPESAS COM PESSOAL;75325;CUSTOS E DESPESAS OPERACIONAIS;75316
3421;PREVIDÊNCIA PRIVADA;OUTROS CUSTOS;DESPESAS;75317;DESPESAS COM PESSOAL;75325;CUSTOS E DESPESAS OPERACIONAIS;75316
6252;FUNDO DE RESCISÕES - CUSTO;OUTROS CUSTOS;DESPESAS;75317;DESPESAS COM PESSOAL;75325;CUSTOS E DESPESAS OPERACIONAIS;75316
6552;SALÁRIO HORA EXTRA;OUTROS CUSTOS;DESPESAS;75317;DESPESAS COM PESSOAL;75325;CUSTOS E DESPESAS OPERACIONAIS;75316
6632;INSS LEI 12.546 DE 2011;OUTROS CUSTOS;DESPESAS;75317;DESPESAS COM PESSOAL;75325;CUSTOS E DESPESAS OPERACIONAIS;75316
6642;REDUÇOES LEI 12.546;OUTROS CUSTOS;DESPESAS;75317;DESPESAS COM PESSOAL;75325;CUSTOS E DESPESAS OPERACIONAIS;75316
6442;PROCESSOS TRABALHISTAS;OUTROS CUSTOS;DESPESAS;75317;DESPESAS COM PESSOAL;75325;CUSTOS E DESPESAS OPERACIONAIS;75316
6982;REDUÇÃO - AJUSTES AUMENTO DE QUADRO;OUTROS CUSTOS;DESPESAS;75317;DESPESAS COM PESSOAL;75325;CUSTOS E DESPESAS OPERACIONAIS;75316
3286;BÔNUS DE VENDAS;OUTROS CUSTOS;DESPESAS;75317;DESPESAS COM PESSOAL;75325;CUSTOS E DESPESAS OPERACIONAIS;75316
7747;(-) DISPENDIOS LEI 11.196/2005 - 2014;OUTROS CUSTOS;DESPESAS;75317;DESPESAS COM PESSOAL;75325;CUSTOS E DESPESAS OPERACIONAIS;75316
7686;( - ) INSS SOBRE UNIMED A RECUPERAR;OUTROS CUSTOS;DESPESAS;75317;DESPESAS COM PESSOAL;75325;CUSTOS E DESPESAS OPERACIONAIS;75316
3276;VACINA GRIPE;OUTROS CUSTOS;DESPESAS;75317;DESPESAS COM PESSOAL;75325;CUSTOS E DESPESAS OPERACIONAIS;75316
8067;VACINA GRIPE;OUTROS CUSTOS;DESPESAS;75317;DESPESAS COM PESSOAL;75325;CUSTOS E DESPESAS OPERACIONAIS;75316
8319;GRATIFICAÇÕES;OUTROS CUSTOS;DESPESAS;75317;DESPESAS COM PESSOAL;75325;CUSTOS E DESPESAS OPERACIONAIS;75316
7973;13° SALÁRIO - LEI DO BEM;OUTROS CUSTOS;DESPESAS;75317;DESPESAS COM PESSOAL;75325;CUSTOS E DESPESAS OPERACIONAIS;75316
6278;DÉBITO - REVISÃO COVID 19 (PESSOAL);OUTROS CUSTOS;DESPESAS;75317;DESPESAS COM PESSOAL;75325;CUSTOS E DESPESAS OPERACIONAIS;75316
6254;GRATIFICAÇÕES;OUTROS CUSTOS;DESPESAS;75317;DESPESAS COM PESSOAL;75325;CUSTOS E DESPESAS OPERACIONAIS;75316
2516;CUSTO COM CARTÕES;OUTROS CUSTOS;DESPESAS;75317;CUSTO SOFTWARE DE TERCEIROS;75303;CUSTOS E DESPESAS OPERACIONAIS;75316
2415;CUSTO COM OPERAÇÃO DE SISTEMAS TERCEIRIZADOS;OUTROS CUSTOS;DESPESAS;75317;CUSTO SOFTWARE DE TERCEIROS;75303;CUSTOS E DESPESAS OPERACIONAIS;75316
2518;CUSTO AMBIENTE CLOUD CLIENTE EMPRESAX;OUTROS CUSTOS;DESPESAS;75317;CUSTO CLOUD;75304;CUSTOS E DESPESAS OPERACIONAIS;75316
5562;CONSULTORES CRED.ESPECIALIZADOS;OUTROS CUSTOS;DESPESAS;75317;DESPESAS COM SERVIÇOS;50162;CUSTOS E DESPESAS OPERACIONAIS;75316
4391;MATERIAL DE ESCRITÓRIO;OUTROS CUSTOS;DESPESAS;75317;DESPESAS COM UTILIDADES E SERVIÇOS;50163;CUSTOS E DESPESAS OPERACIONAIS;75316
4461;REFEIÇÕES LANCHES E COQUETÉIS;OUTROS CUSTOS;DESPESAS;75317;DESPESAS COM UTILIDADES E SERVIÇOS;50163;CUSTOS E DESPESAS OPERACIONAIS;75316
4471;FRETES E TRANSPORTES;OUTROS CUSTOS;DESPESAS;75317;DESPESAS COM UTILIDADES E SERVIÇOS;50163;CUSTOS E DESPESAS OPERACIONAIS;75316
4211;HARDWARE;OUTROS CUSTOS;DESPESAS;75317;DESPESAS COM TECNOLOGIA;50260;CUSTOS E DESPESAS OPERACIONAIS;75316
4241;CONSERTOS DE COMPUTADORES;OUTROS CUSTOS;DESPESAS;75317;DESPESAS COM TECNOLOGIA;50260;CUSTOS E DESPESAS OPERACIONAIS;75316
4261;MATERIAL DE INFORMÁTICA;OUTROS CUSTOS;DESPESAS;75317;DESPESAS COM TECNOLOGIA;50260;CUSTOS E DESPESAS OPERACIONAIS;75316
4271;INTERNET;OUTROS CUSTOS;DESPESAS;75317;DESPESAS COM TECNOLOGIA;50260;CUSTOS E DESPESAS OPERACIONAIS;75316
4291;AGUA;OUTROS CUSTOS;DESPESAS;75317;DESPESAS COM UTILIDADES E SERVIÇOS;50163;CUSTOS E DESPESAS OPERACIONAIS;75316
4672;BRINDES;OUTROS CUSTOS;DESPESAS;75317;DESPESAS COM PROMOÇÃO;50161;CUSTOS E DESPESAS OPERACIONAIS;75316
4682;MATERIAL PUBLICITÁRIO;OUTROS CUSTOS;DESPESAS;75317;DESPESAS COM MARKETING;74644;CUSTOS E DESPESAS OPERACIONAIS;75316
4712;CAMPANHA DE MARKETING;OUTROS CUSTOS;DESPESAS;75317;DESPESAS COM MARKETING;74644;CUSTOS E DESPESAS OPERACIONAIS;75316
4772;CAMPANHA DE VENDAS;OUTROS CUSTOS;DESPESAS;75317;DESPESAS COM PROMOÇÃO;50161;CUSTOS E DESPESAS OPERACIONAIS;75316
4802;DSPV CONSULTOR;OUTROS CUSTOS;DESPESAS;75317;DESPESAS COM VIAGENS;50164;CUSTOS E DESPESAS OPERACIONAIS;75316
4381;MATERIAL DE CONSUMO E LIMPEZA;OUTROS CUSTOS;DESPESAS;75317;DESPESAS COM UTILIDADES E SERVIÇOS;50163;CUSTOS E DESPESAS OPERACIONAIS;75316
3402;TREINAMENTOS E CURSOS;OUTROS CUSTOS;DESPESAS;75317;DESPESAS COM CAPACITAÇÃO;50157;CUSTOS E DESPESAS OPERACIONAIS;75316
4362;MATERIAL DE EMBALAGEM;OUTROS CUSTOS;DESPESAS;75317;DESPESAS COM UTILIDADES E SERVIÇOS;50163;CUSTOS E DESPESAS OPERACIONAIS;75316
4372;MENSALIDADES E ASSOCIAÇÕES;OUTROS CUSTOS;DESPESAS;75317;DESPESAS COM UTILIDADES E SERVIÇOS;50163;CUSTOS E DESPESAS OPERACIONAIS;75316
4402;MATERIAL DE TREINAMENTO;OUTROS CUSTOS;DESPESAS;75317;DESPESAS COM UTILIDADES E SERVIÇOS;50163;CUSTOS E DESPESAS OPERACIONAIS;75316
4422;LIVROS E NORMAS TÉCNICAS;OUTROS CUSTOS;DESPESAS;75317;DESPESAS COM UTILIDADES E SERVIÇOS;50163;CUSTOS E DESPESAS OPERACIONAIS;75316
4542;INCENTIVO PROJETO CULTURAL;OUTROS CUSTOS;DESPESAS;75317;DESPESAS COM UTILIDADES E SERVIÇOS;50163;CUSTOS E DESPESAS OPERACIONAIS;75316
4592;MULTAS DEDUTIVEIS;OUTROS CUSTOS;DESPESAS;75317;IMPOSTOS/TRIBUTOS/TAXAS;50166;CUSTOS E DESPESAS OPERACIONAIS;75316
4602;IMPOSTOS E TAXAS;OUTROS CUSTOS;DESPESAS;75317;IMPOSTOS/TRIBUTOS/TAXAS;50166;CUSTOS E DESPESAS OPERACIONAIS;75316
4612;CPMF (INATIVA);OUTROS CUSTOS;DESPESAS;75317;IMPOSTOS/TRIBUTOS/TAXAS;50166;CUSTOS E DESPESAS OPERACIONAIS;75316
4632;MULTAS INDEDUTIVEIS;OUTROS CUSTOS;DESPESAS;75317;IMPOSTOS/TRIBUTOS/TAXAS;50166;CUSTOS E DESPESAS OPERACIONAIS;75316
4942;PERDAS POR INADIMPLENCIA;OUTROS CUSTOS;DESPESAS;75317;DESPESAS COM PERDAS;50159;CUSTOS E DESPESAS OPERACIONAIS;75316
4021;CONSULTORES ACADEMIA;OUTROS CUSTOS;DESPESAS;75317;DESPESAS COM SERVIÇOS;50162;CUSTOS E DESPESAS OPERACIONAIS;75316
6192;PUBLICAÇÕES LEGAIS;OUTROS CUSTOS;DESPESAS;75317;DESPESAS COM UTILIDADES E SERVIÇOS;50163;CUSTOS E DESPESAS OPERACIONAIS;75316
3283;IDIOMAS;OUTROS CUSTOS;DESPESAS;75317;DESPESAS COM CAPACITAÇÃO;50157;CUSTOS E DESPESAS OPERACIONAIS;75316
6702;PROV PERDA ADIANTAMENTOS;OUTROS CUSTOS;DESPESAS;75317;DESPESAS COM PERDAS;50159;CUSTOS E DESPESAS OPERACIONAIS;75316
6022;EVENTOS E COMEMORAÇÕES;OUTROS CUSTOS;DESPESAS;75317;DESPESAS COM PROMOÇÃO;50161;CUSTOS E DESPESAS OPERACIONAIS;75316
6872;CUSTO INTERNO;OUTROS CUSTOS;DESPESAS;75317;DESPESAS COM UTILIDADES E SERVIÇOS;50163;CUSTOS E DESPESAS OPERACIONAIS;75316
6222;LICENC/SEGUROS/IPVA VEICULOS;OUTROS CUSTOS;DESPESAS;75317;DESPESAS COM FROTA;50265;CUSTOS E DESPESAS OPERACIONAIS;75316
5962;LEASING DE EQUIPAMENTOS;OUTROS CUSTOS;DESPESAS;75317;DESPESAS COM TECNOLOGIA;50260;CUSTOS E DESPESAS OPERACIONAIS;75316
6002;INTERNET;OUTROS CUSTOS;DESPESAS;75317;DESPESAS COM TECNOLOGIA;50260;CUSTOS E DESPESAS OPERACIONAIS;75316
6572;PESQUISA DE MERCADO;OUTROS CUSTOS;DESPESAS;75317;DESPESAS COM PROMOÇÃO;50161;CUSTOS E DESPESAS OPERACIONAIS;75316
5622;ALUGUÉIS E CONDOMÍNIOS;OUTROS CUSTOS;DESPESAS;75317;DESPESAS COM EQUIP. E INSTALAÇÕES;75326;CUSTOS E DESPESAS OPERACIONAIS;75316
5642;SEGUROS;OUTROS CUSTOS;DESPESAS;75317;DESPESAS COM EQUIP. E INSTALAÇÕES;75326;CUSTOS E DESPESAS OPERACIONAIS;75316
5652;MATERIAIS DE CONTROLE;OUTROS CUSTOS;DESPESAS;75317;DESPESAS COM EQUIP. E INSTALAÇÕES;75326;CUSTOS E DESPESAS OPERACIONAIS;75316
5742;TELEFONES;OUTROS CUSTOS;DESPESAS;75317;DESPESAS COM UTILIDADES E SERVIÇOS;50163;CUSTOS E DESPESAS OPERACIONAIS;75316
5745;LINKS DE DADOS;OUTROS CUSTOS;DESPESAS;75317;DESPESAS COM UTILIDADES E SERVIÇOS;50163;CUSTOS E DESPESAS OPERACIONAIS;75316
2874;ENDOMARKETING;OUTROS CUSTOS;DESPESAS;75317;DESPESAS COM MARKETING;74644;CUSTOS E DESPESAS OPERACIONAIS;75316
2896;CUSTO EQUIPAMENTOS CFTV VENDIDOS;OUTROS CUSTOS;DESPESAS;75317;CUSTO DAS MERCADORIAS;75302;CUSTOS E DESPESAS OPERACIONAIS;75316
2897;CUSTO EQUIPAMENTOS REP VENDIDOS;OUTROS CUSTOS;DESPESAS;75317;CUSTO DAS MERCADORIAS;75302;CUSTOS E DESPESAS OPERACIONAIS;75316
2898;CUSTO ACESSORIOS VENDIDOS;OUTROS CUSTOS;DESPESAS;75317;CUSTO DAS MERCADORIAS;75302;CUSTOS E DESPESAS OPERACIONAIS;75316
4633;CONTRIBUICAO SINDICAL PATRONAL;OUTROS CUSTOS;DESPESAS;75317;IMPOSTOS/TRIBUTOS/TAXAS;50166;CUSTOS E DESPESAS OPERACIONAIS;75316
4473;CAMPANHA DE TREINAMENTO;OUTROS CUSTOS;DESPESAS;75317;DESPESAS COM UTILIDADES E SERVIÇOS;50163;CUSTOS E DESPESAS OPERACIONAIS;75316
2909;CUSTO SUPORTE DE HARDWARE VENDIDOS;OUTROS CUSTOS;DESPESAS;75317;CUSTO SOFTWARE DE TERCEIROS;75303;CUSTOS E DESPESAS OPERACIONAIS;75316
2092;ANUNCIOS OFF;OUTROS CUSTOS;DESPESAS;75317;DESPESAS COM MARKETING;74644;CUSTOS E DESPESAS OPERACIONAIS;75316
4333;CONTRATOS FROTA;OUTROS CUSTOS;DESPESAS;75317;DESPESAS COM FROTA;50265;CUSTOS E DESPESAS OPERACIONAIS;75316
9137;(-) DISPENDIOS LEI 11.196/2005;OUTROS CUSTOS;DESPESAS;75317;DESPESAS COM CAPACITAÇÃO;50157;CUSTOS E DESPESAS OPERACIONAIS;75316
4253;CONTRATOS CLOUD EM DESENVOLVIMENTO;OUTROS CUSTOS;DESPESAS;75317;DESPESAS COM TECNOLOGIA;50260;CUSTOS E DESPESAS OPERACIONAIS;75316
4252;CONTRATOS CLOUD PARA USO EMPRESA;OUTROS CUSTOS;DESPESAS;75317;DESPESAS COM TECNOLOGIA;50260;CUSTOS E DESPESAS OPERACIONAIS;75316
5984;CONTRATOS CLOUD EM DESENVOLVIMENTO;OUTROS CUSTOS;DESPESAS;75317;DESPESAS COM TECNOLOGIA;50260;CUSTOS E DESPESAS OPERACIONAIS;75316
5302;CRÉDITO - DESPESAS COM ÁREAS CORPORATIVAS;OUTROS CUSTOS;DESPESAS;75317;ÁREAS CORPORATIVAS;75141;CUSTOS E DESPESAS OPERACIONAIS;75316
4501;DOAÇÕES E CONTRIBUIÇÕES;OUTROS CUSTOS;DESPESAS;75317;DESPESAS COM UTILIDADES E SERVIÇOS;50163;CUSTOS E DESPESAS OPERACIONAIS;75316
4531;MIDIA (CD E DISQUETE);OUTROS CUSTOS;DESPESAS;75317;DESPESAS COM UTILIDADES E SERVIÇOS;50163;CUSTOS E DESPESAS OPERACIONAIS;75316
4051;EXERCÍCIOS LABORAIS;OUTROS CUSTOS;DESPESAS;75317;DESPESAS COM UTILIDADES E SERVIÇOS;50163;CUSTOS E DESPESAS OPERACIONAIS;75316
4071;ACADEMIA - CANAIS;OUTROS CUSTOS;DESPESAS;75317;DESPESAS COM SERVIÇOS;50162;CUSTOS E DESPESAS OPERACIONAIS;75316
4191;EQUIPAMENTOS PEQUENO PORTE;OUTROS CUSTOS;DESPESAS;75317;DESPESAS COM EQUIP. E INSTALAÇÕES;75326;CUSTOS E DESPESAS OPERACIONAIS;75316
4231;LEASING DE EQUIPAMENTOS;OUTROS CUSTOS;DESPESAS;75317;DESPESAS COM TECNOLOGIA;50260;CUSTOS E DESPESAS OPERACIONAIS;75316
4251;CONTRATOS DE TECNOLOGIA;OUTROS CUSTOS;DESPESAS;75317;DESPESAS COM TECNOLOGIA;50260;CUSTOS E DESPESAS OPERACIONAIS;75316
4642;DESP.IMPRESSÃO GRAFICA - FOLDERS;OUTROS CUSTOS;DESPESAS;75317;DESPESAS COM PROMOÇÃO;50161;CUSTOS E DESPESAS OPERACIONAIS;75316
4652;FEIRAS;OUTROS CUSTOS;DESPESAS;75317;DESPESAS COM MARKETING;74644;CUSTOS E DESPESAS OPERACIONAIS;75316
4792;DSPV COLABORADOR;OUTROS CUSTOS;DESPESAS;75317;DESPESAS COM VIAGENS;50164;CUSTOS E DESPESAS OPERACIONAIS;75316
4311;TELEFONES;OUTROS CUSTOS;DESPESAS;75317;DESPESAS COM UTILIDADES E SERVIÇOS;50163;CUSTOS E DESPESAS OPERACIONAIS;75316
4321;CORREIOS;OUTROS CUSTOS;DESPESAS;75317;DESPESAS COM UTILIDADES E SERVIÇOS;50163;CUSTOS E DESPESAS OPERACIONAIS;75316
4331;MANUTENÇÃO VEICULOS;OUTROS CUSTOS;DESPESAS;75317;DESPESAS COM FROTA;50265;CUSTOS E DESPESAS OPERACIONAIS;75316
4351;ASSINATURAS E PERIODICOS;OUTROS CUSTOS;DESPESAS;75317;DESPESAS COM UTILIDADES E SERVIÇOS;50163;CUSTOS E DESPESAS OPERACIONAIS;75316
4371;MENSALIDADES E ASSOCIAÇÕES;OUTROS CUSTOS;DESPESAS;75317;DESPESAS COM UTILIDADES E SERVIÇOS;50163;CUSTOS E DESPESAS OPERACIONAIS;75316
4481;CONTA CONTÁBIL A CLASSIFICAR (INATIVA);OUTROS CUSTOS;DESPESAS;75317;DESPESAS COM UTILIDADES E SERVIÇOS;50163;CUSTOS E DESPESAS OPERACIONAIS;75316
4781;DSPV TERCEIROS;OUTROS CUSTOS;DESPESAS;75317;DESPESAS COM VIAGENS;50164;CUSTOS E DESPESAS OPERACIONAIS;75316
4791;DSPV COLABORADOR;OUTROS CUSTOS;DESPESAS;75317;DESPESAS COM VIAGENS;50164;CUSTOS E DESPESAS OPERACIONAIS;75316
3972;SERVIÇOS DE TERCEIROS;OUTROS CUSTOS;DESPESAS;75317;DESPESAS COM SERVIÇOS;50162;CUSTOS E DESPESAS OPERACIONAIS;75316
4012;SERVIÇOS DE CONTABILIDADE;OUTROS CUSTOS;DESPESAS;75317;DESPESAS COM SERVIÇOS;50162;CUSTOS E DESPESAS OPERACIONAIS;75316
4042;ASSESSORIA DE IMPRENSA;OUTROS CUSTOS;DESPESAS;75317;DESPESAS COM SERVIÇOS;50162;CUSTOS E DESPESAS OPERACIONAIS;75316
4352;ASSINATURAS E PERIODICOS;OUTROS CUSTOS;DESPESAS;75317;DESPESAS COM UTILIDADES E SERVIÇOS;50163;CUSTOS E DESPESAS OPERACIONAIS;75316
4412;LEASING DE AUTOMÓVEIS;OUTROS CUSTOS;DESPESAS;75317;DESPESAS COM UTILIDADES E SERVIÇOS;50163;CUSTOS E DESPESAS OPERACIONAIS;75316
4442;IMPRESSÕES GRÁFICAS E FORMULÁRIOS;OUTROS CUSTOS;DESPESAS;75317;DESPESAS COM UTILIDADES E SERVIÇOS;50163;CUSTOS E DESPESAS OPERACIONAIS;75316
4502;DOAÇÕES E CONTRIBUIÇÕES;OUTROS CUSTOS;DESPESAS;75317;DESPESAS COM UTILIDADES E SERVIÇOS;50163;CUSTOS E DESPESAS OPERACIONAIS;75316
4532;MIDIA (CD E DISQUETE);OUTROS CUSTOS;DESPESAS;75317;DESPESAS COM UTILIDADES E SERVIÇOS;50163;CUSTOS E DESPESAS OPERACIONAIS;75316
4482;CONTA CONTÁBIL A CLASSIFICAR (INATIVA);OUTROS CUSTOS;DESPESAS;75317;DESPESAS COM UTILIDADES E SERVIÇOS;50163;CUSTOS E DESPESAS OPERACIONAIS;75316
3371;GRADUAÇÃO/ESPECIALIZAÇÃO;OUTROS CUSTOS;DESPESAS;75317;DESPESAS COM CAPACITAÇÃO;50157;CUSTOS E DESPESAS OPERACIONAIS;75316
4521;TREINAMENTOS PARA GESTÃO;OUTROS CUSTOS;DESPESAS;75317;DESPESAS COM CAPACITAÇÃO;50157;CUSTOS E DESPESAS OPERACIONAIS;75316
3971;SERVIÇOS DE TERCEIROS;OUTROS CUSTOS;DESPESAS;75317;DESPESAS COM SERVIÇOS;50162;CUSTOS E DESPESAS OPERACIONAIS;75316
4041;ASSESSORIA DE IMPRENSA;OUTROS CUSTOS;DESPESAS;75317;DESPESAS COM SERVIÇOS;50162;CUSTOS E DESPESAS OPERACIONAIS;75316
6132;CERTIFICAÇÕES COMERCIAIS E TÉCNICAS (INATIVA);OUTROS CUSTOS;DESPESAS;75317;DESPESAS COM CAPACITAÇÃO;50157;CUSTOS E DESPESAS OPERACIONAIS;75316
6232;PROJETOS;OUTROS CUSTOS;DESPESAS;75317;FUNDO DE PROJETOS;50261;CUSTOS E DESPESAS OPERACIONAIS;75316
6042;OUTROS (INATIVA);OUTROS CUSTOS;DESPESAS;75317;DESPESAS COM UTILIDADES E SERVIÇOS;50163;CUSTOS E DESPESAS OPERACIONAIS;75316
3284;IDIOMAS;OUTROS CUSTOS;DESPESAS;75317;DESPESAS COM CAPACITAÇÃO;50157;CUSTOS E DESPESAS OPERACIONAIS;75316
6032;OUTROS;OUTROS CUSTOS;DESPESAS;75317;DESPESAS COM UTILIDADES E SERVIÇOS;50163;CUSTOS E DESPESAS OPERACIONAIS;75316
6072;CUSTOS NÃO DEDUTÍVEIS;OUTROS CUSTOS;DESPESAS;75317;DESPESAS COM UTILIDADES E SERVIÇOS;50163;CUSTOS E DESPESAS OPERACIONAIS;75316
6082;DESPESAS NÃO DEDUTÍVEIS;OUTROS CUSTOS;DESPESAS;75317;DESPESAS COM UTILIDADES E SERVIÇOS;50163;CUSTOS E DESPESAS OPERACIONAIS;75316
6582;SEGURANÇA DO TRABALHO;OUTROS CUSTOS;DESPESAS;75317;DESPESAS COM UTILIDADES E SERVIÇOS;50163;CUSTOS E DESPESAS OPERACIONAIS;75316
5982;CONTRATOS DE TECNOLOGIA;OUTROS CUSTOS;DESPESAS;75317;DESPESAS COM TECNOLOGIA;50260;CUSTOS E DESPESAS OPERACIONAIS;75316
5662;DESP.COM SEGURANÇA E LIMPEZA;OUTROS CUSTOS;DESPESAS;75317;DESPESAS COM EQUIP. E INSTALAÇÕES;75326;CUSTOS E DESPESAS OPERACIONAIS;75316
5692;LOCAÇÃO DE SALAS E EQUIPAMENTOS;OUTROS CUSTOS;DESPESAS;75317;DESPESAS COM EQUIP. E INSTALAÇÕES;75326;CUSTOS E DESPESAS OPERACIONAIS;75316
5702;ASSISTÊNCIA TÉCNICA;OUTROS CUSTOS;DESPESAS;75317;DESPESAS COM SERVIÇOS;50162;CUSTOS E DESPESAS OPERACIONAIS;75316
5722;AGUA;OUTROS CUSTOS;DESPESAS;75317;DESPESAS COM UTILIDADES E SERVIÇOS;50163;CUSTOS E DESPESAS OPERACIONAIS;75316
4313;TELEFONIA MÓVEL;OUTROS CUSTOS;DESPESAS;75317;DESPESAS COM UTILIDADES E SERVIÇOS;50163;CUSTOS E DESPESAS OPERACIONAIS;75316
5744;TELEFONIA MÓVEL;OUTROS CUSTOS;DESPESAS;75317;DESPESAS COM UTILIDADES E SERVIÇOS;50163;CUSTOS E DESPESAS OPERACIONAIS;75316
3268;DSPV CAPACITAÇÃO;OUTROS CUSTOS;DESPESAS;75317;DESPESAS COM CAPACITAÇÃO;50157;CUSTOS E DESPESAS OPERACIONAIS;75316
3270;REFEIÇÕES/LANCHES - CAPACITAÇÃO;OUTROS CUSTOS;DESPESAS;75317;DESPESAS COM CAPACITAÇÃO;50157;CUSTOS E DESPESAS OPERACIONAIS;75316
3274;LOCAÇÃO SALAS/EQUIPAMENTOS - CAPACITAÇÃO;OUTROS CUSTOS;DESPESAS;75317;DESPESAS COM CAPACITAÇÃO;50157;CUSTOS E DESPESAS OPERACIONAIS;75316
4634;ICMS S/ REMESSAS;OUTROS CUSTOS;DESPESAS;75317;IMPOSTOS/TRIBUTOS/TAXAS;50166;CUSTOS E DESPESAS OPERACIONAIS;75316
4624;SEGUROS VEICULOS;OUTROS CUSTOS;DESPESAS;75317;DESPESAS COM FROTA;50265;CUSTOS E DESPESAS OPERACIONAIS;75316
5746;COMBUSTÍVEL GERADOR;OUTROS CUSTOS;DESPESAS;75317;DESPESAS COM UTILIDADES E SERVIÇOS;50163;CUSTOS E DESPESAS OPERACIONAIS;75316
2082;ANUNCIOS ON;OUTROS CUSTOS;DESPESAS;75317;DESPESAS COM MARKETING;74644;CUSTOS E DESPESAS OPERACIONAIS;75316
8899;INDENIZAÇÕES A CLIENTES;OUTROS CUSTOS;DESPESAS;75317;DESPESAS COM PERDAS;50159;CUSTOS E DESPESAS OPERACIONAIS;75316
9157;(-)DESPESAS COM CAPACITAÇÃO;OUTROS CUSTOS;DESPESAS;75317;DESPESAS COM CAPACITAÇÃO;50157;CUSTOS E DESPESAS OPERACIONAIS;75316
9167;DESPESAS COM CAPACITAÇÃO;OUTROS CUSTOS;DESPESAS;75317;DESPESAS COM CAPACITAÇÃO;50157;CUSTOS E DESPESAS OPERACIONAIS;75316
3289;DSPV CAPACITAÇÃO CA E CE;OUTROS CUSTOS;DESPESAS;75317;DESPESAS COM CAPACITAÇÃO;50157;CUSTOS E DESPESAS OPERACIONAIS;75316
3290;DSPV CAPACITAÇÃO CA E CE;OUTROS CUSTOS;DESPESAS;75317;DESPESAS COM CAPACITAÇÃO;50157;CUSTOS E DESPESAS OPERACIONAIS;75316
2517;AMORTIZAÇÃO DE SOFTWARE EM AMBIENTE CLOUD CLIENTE;OUTROS CUSTOS;DESPESAS;75317;CUSTO CLOUD;75304;CUSTOS E DESPESAS OPERACIONAIS;75316
4411;LEASING DE AUTOMÓVEIS;OUTROS CUSTOS;DESPESAS;75317;DESPESAS COM UTILIDADES E SERVIÇOS;50163;CUSTOS E DESPESAS OPERACIONAIS;75316
4061;AUDITORIA CONTÁBIL;OUTROS CUSTOS;DESPESAS;75317;DESPESAS COM SERVIÇOS;50162;CUSTOS E DESPESAS OPERACIONAIS;75316
4101;CERTIFICAÇÕES COMERCIAIS E TÉCNICAS (INATIVA);OUTROS CUSTOS;DESPESAS;75317;DESPESAS COM CAPACITAÇÃO;50157;CUSTOS E DESPESAS OPERACIONAIS;75316
4131;ALUGUÉIS E CONDOMÍNIOS;OUTROS CUSTOS;DESPESAS;75317;DESPESAS COM EQUIP. E INSTALAÇÕES;75326;CUSTOS E DESPESAS OPERACIONAIS;75316
4151;SEGUROS;OUTROS CUSTOS;DESPESAS;75317;DESPESAS COM EQUIP. E INSTALAÇÕES;75326;CUSTOS E DESPESAS OPERACIONAIS;75316
4181;SERVIÇOS AUTONOMOS;OUTROS CUSTOS;DESPESAS;75317;DESPESAS COM EQUIP. E INSTALAÇÕES;75326;CUSTOS E DESPESAS OPERACIONAIS;75316
4451;LOCAÇÃO DE SALAS E EQUIPAMENTOS;OUTROS CUSTOS;DESPESAS;75317;DESPESAS COM EQUIP. E INSTALAÇÕES;75326;CUSTOS E DESPESAS OPERACIONAIS;75316
4662;ANUNCIOS E PROPAGANDAS;OUTROS CUSTOS;DESPESAS;75317;DESPESAS COM MARKETING;74644;CUSTOS E DESPESAS OPERACIONAIS;75316
4722;PAPELARIA;OUTROS CUSTOS;DESPESAS;75317;DESPESAS COM MARKETING;74644;CUSTOS E DESPESAS OPERACIONAIS;75316
4732;SERVIÇOS CONTRATADOS - ASS.COM.;OUTROS CUSTOS;DESPESAS;75317;DESPESAS COM MARKETING;74644;CUSTOS E DESPESAS OPERACIONAIS;75316
4752;EVENTOS E COMEMORAÇÕES;OUTROS CUSTOS;DESPESAS;75317;DESPESAS COM PROMOÇÃO;50161;CUSTOS E DESPESAS OPERACIONAIS;75316
4301;ENERGIA ELÉTRICA;OUTROS CUSTOS;DESPESAS;75317;DESPESAS COM UTILIDADES E SERVIÇOS;50163;CUSTOS E DESPESAS OPERACIONAIS;75316
4361;MATERIAL DE EMBALAGEM;OUTROS CUSTOS;DESPESAS;75317;DESPESAS COM UTILIDADES E SERVIÇOS;50163;CUSTOS E DESPESAS OPERACIONAIS;75316
4801;DSPV CONSULTOR;OUTROS CUSTOS;DESPESAS;75317;DESPESAS COM VIAGENS;50164;CUSTOS E DESPESAS OPERACIONAIS;75316
4522;TREINAMENTOS PARA GESTÃO;OUTROS CUSTOS;DESPESAS;75317;DESPESAS COM CAPACITAÇÃO;50157;CUSTOS E DESPESAS OPERACIONAIS;75316
4022;CONSULTORES ACADEMIA;OUTROS CUSTOS;DESPESAS;75317;DESPESAS COM SERVIÇOS;50162;CUSTOS E DESPESAS OPERACIONAIS;75316
4032;CONSULTORIA ADVOCATICIA;OUTROS CUSTOS;DESPESAS;75317;DESPESAS COM SERVIÇOS;50162;CUSTOS E DESPESAS OPERACIONAIS;75316
4382;MATERIAL DE CONSUMO E LIMPEZA;OUTROS CUSTOS;DESPESAS;75317;DESPESAS COM UTILIDADES E SERVIÇOS;50163;CUSTOS E DESPESAS OPERACIONAIS;75316
4462;REFEIÇÕES LANCHES E COQUETÉIS;OUTROS CUSTOS;DESPESAS;75317;DESPESAS COM UTILIDADES E SERVIÇOS;50163;CUSTOS E DESPESAS OPERACIONAIS;75316
4512;.;OUTROS CUSTOS;DESPESAS;75317;DESPESAS COM EQUIP. E INSTALAÇÕES;75326;CUSTOS E DESPESAS OPERACIONAIS;75316
3981;SERVIÇOS DE CONSULTORIA;OUTROS CUSTOS;DESPESAS;75317;DESPESAS COM SERVIÇOS;50162;CUSTOS E DESPESAS OPERACIONAIS;75316
4011;SERVIÇOS DE CONTABILIDADE;OUTROS CUSTOS;DESPESAS;75317;DESPESAS COM SERVIÇOS;50162;CUSTOS E DESPESAS OPERACIONAIS;75316
4031;CONSULTORIA ADVOCATICIA;OUTROS CUSTOS;DESPESAS;75317;DESPESAS COM SERVIÇOS;50162;CUSTOS E DESPESAS OPERACIONAIS;75316
5572;COMBUSTÍVEL E MANUT. VEÍCULOS (INATIVA);OUTROS CUSTOS;DESPESAS;75317;DESPESAS COM FROTA;50265;CUSTOS E DESPESAS OPERACIONAIS;75316
6302;DSPV CONSULTOR - ACADEMIA;OUTROS CUSTOS;DESPESAS;75317;DESPESAS COM VIAGENS;50164;CUSTOS E DESPESAS OPERACIONAIS;75316
5942;HARDWARE;OUTROS CUSTOS;DESPESAS;75317;DESPESAS COM TECNOLOGIA;50260;CUSTOS E DESPESAS OPERACIONAIS;75316
5972;CONSERTOS DE COMPUTADORES;OUTROS CUSTOS;DESPESAS;75317;DESPESAS COM TECNOLOGIA;50260;CUSTOS E DESPESAS OPERACIONAIS;75316
5992;MATERIAL DE INFORMÁTICA;OUTROS CUSTOS;DESPESAS;75317;DESPESAS COM TECNOLOGIA;50260;CUSTOS E DESPESAS OPERACIONAIS;75316
5612;MANUTENÇÃO E REPAROS DE INSTALAÇÕES;OUTROS CUSTOS;DESPESAS;75317;DESPESAS COM EQUIP. E INSTALAÇÕES;75326;CUSTOS E DESPESAS OPERACIONAIS;75316
5682;EQUIPAMENTOS PEQUENO PORTE;OUTROS CUSTOS;DESPESAS;75317;DESPESAS COM EQUIP. E INSTALAÇÕES;75326;CUSTOS E DESPESAS OPERACIONAIS;75316
6972;DÉBITO - TRANSFERÊNCIA ORÇAMENTÁRIA (INATIVA);OUTROS CUSTOS;DESPESAS;75317;DESPESAS COM UTILIDADES E SERVIÇOS;50163;CUSTOS E DESPESAS OPERACIONAIS;75316
3831;CONTA CONTABIL A CLASSIFICAR (INATIVA);OUTROS CUSTOS;DESPESAS;75317;DESPESAS COM UTILIDADES E SERVIÇOS;50163;CUSTOS E DESPESAS OPERACIONAIS;75316
4312;TELEFONIA FIXA;OUTROS CUSTOS;DESPESAS;75317;DESPESAS COM UTILIDADES E SERVIÇOS;50163;CUSTOS E DESPESAS OPERACIONAIS;75316
4314;LINKS DE DADOS;OUTROS CUSTOS;DESPESAS;75317;DESPESAS COM UTILIDADES E SERVIÇOS;50163;CUSTOS E DESPESAS OPERACIONAIS;75316
3269;REFEIÇÕES/LANCHES - CAPACITAÇÃO;OUTROS CUSTOS;DESPESAS;75317;DESPESAS COM CAPACITAÇÃO;50157;CUSTOS E DESPESAS OPERACIONAIS;75316
3273;LOCAÇÃO SALAS/EQUIPAMENTOS - CAPACITAÇÃO;OUTROS CUSTOS;DESPESAS;75317;DESPESAS COM CAPACITAÇÃO;50157;CUSTOS E DESPESAS OPERACIONAIS;75316
4643;CLIENTE REFERÊNCIA;OUTROS CUSTOS;DESPESAS;75317;DESPESAS COM PROMOÇÃO;50161;CUSTOS E DESPESAS OPERACIONAIS;75316
2907;CUSTO SOFTWARE PRODUTO;OUTROS CUSTOS;DESPESAS;75317;CUSTO DAS MERCADORIAS;75302;CUSTOS E DESPESAS OPERACIONAIS;75316
2908;CUSTO IMPLANTAÇÃO DE HARDWARE VENDIDOS;OUTROS CUSTOS;DESPESAS;75317;CUSTO SOFTWARE DE TERCEIROS;75303;CUSTOS E DESPESAS OPERACIONAIS;75316
4623;MANUTENÇÃO VEICULOS;OUTROS CUSTOS;DESPESAS;75317;DESPESAS COM FROTA;50265;CUSTOS E DESPESAS OPERACIONAIS;75316
2910;CUSTO IMPLANTAÇÃO DE SOFTWARE VENDIDOS;OUTROS CUSTOS;DESPESAS;75317;CUSTO SOFTWARE DE TERCEIROS;75303;CUSTOS E DESPESAS OPERACIONAIS;75316
2912;CUSTO SUPORTE DE SOFTWARE VENDIDOS;OUTROS CUSTOS;DESPESAS;75317;CUSTO SOFTWARE DE TERCEIROS;75303;CUSTOS E DESPESAS OPERACIONAIS;75316
4315;COMBUSTÍVEL GERADOR;OUTROS CUSTOS;DESPESAS;75317;DESPESAS COM UTILIDADES E SERVIÇOS;50163;CUSTOS E DESPESAS OPERACIONAIS;75316
9129;DEVOLUÇÃO CLIENTE;OUTROS CUSTOS;DESPESAS;75317;DESPESAS COM PERDAS;50159;CUSTOS E DESPESAS OPERACIONAIS;75316
4635;ICMS S/ DIFERENCIAL ALIQUOTA;OUTROS CUSTOS;DESPESAS;75317;IMPOSTOS/TRIBUTOS/TAXAS;50166;CUSTOS E DESPESAS OPERACIONAIS;75316
5634;CONTRATOS DE MANUTENÇÃO;OUTROS CUSTOS;DESPESAS;75317;DESPESAS COM EQUIP. E INSTALAÇÕES;75326;CUSTOS E DESPESAS OPERACIONAIS;75316
5983;CONTRATOS CLOUD PARA USO EMPRESA;OUTROS CUSTOS;DESPESAS;75317;DESPESAS COM TECNOLOGIA;50260;CUSTOS E DESPESAS OPERACIONAIS;75316
5303;DÉBITO - DESPESAS COM ÁREAS CORPORATIVAS;OUTROS CUSTOS;DESPESAS;75317;ÁREAS CORPORATIVAS;75141;CUSTOS E DESPESAS OPERACIONAIS;75316
5305;CRÉDITO - CUSTOS COM CSC;OUTROS CUSTOS;DESPESAS;75317;ÁREAS CORPORATIVAS;75141;CUSTOS E DESPESAS OPERACIONAIS;75316
4944;PERDAS POR FRAUDES;OUTROS CUSTOS;DESPESAS;75317;DESPESAS COM PERDAS;50159;CUSTOS E DESPESAS OPERACIONAIS;75316
4401;MATERIAL DE TREINAMENTO;OUTROS CUSTOS;DESPESAS;75317;DESPESAS COM UTILIDADES E SERVIÇOS;50163;CUSTOS E DESPESAS OPERACIONAIS;75316
4421;LIVROS E NORMAS TÉCNICAS;OUTROS CUSTOS;DESPESAS;75317;DESPESAS COM UTILIDADES E SERVIÇOS;50163;CUSTOS E DESPESAS OPERACIONAIS;75316
4431;CÓPIAS, AUTENTICAÇÕES E TAXAS;OUTROS CUSTOS;DESPESAS;75317;DESPESAS COM UTILIDADES E SERVIÇOS;50163;CUSTOS E DESPESAS OPERACIONAIS;75316
4441;IMPRESSÕES GRÁFICAS E FORMULÁRIOS;OUTROS CUSTOS;DESPESAS;75317;DESPESAS COM UTILIDADES E SERVIÇOS;50163;CUSTOS E DESPESAS OPERACIONAIS;75316
4121;MANUTENÇÃO E REPAROS DE INSTALAÇÕES;OUTROS CUSTOS;DESPESAS;75317;DESPESAS COM EQUIP. E INSTALAÇÕES;75326;CUSTOS E DESPESAS OPERACIONAIS;75316
4161;MATERIAIS DE CONTROLE;OUTROS CUSTOS;DESPESAS;75317;DESPESAS COM EQUIP. E INSTALAÇÕES;75326;CUSTOS E DESPESAS OPERACIONAIS;75316
4171;DESP.COM SEGURANÇA E LIMPEZA;OUTROS CUSTOS;DESPESAS;75317;DESPESAS COM EQUIP. E INSTALAÇÕES;75326;CUSTOS E DESPESAS OPERACIONAIS;75316
4511;ASSISTÊNCIA TÉCNICA;OUTROS CUSTOS;DESPESAS;75317;DESPESAS COM SERVIÇOS;50162;CUSTOS E DESPESAS OPERACIONAIS;75316
4221;SOFTWARE;OUTROS CUSTOS;DESPESAS;75317;DESPESAS COM TECNOLOGIA;50260;CUSTOS E DESPESAS OPERACIONAIS;75316
4952;PROVISAO PARA PERDA - PDD;OUTROS CUSTOS;DESPESAS;75317;DESPESAS COM PERDAS;50159;CUSTOS E DESPESAS OPERACIONAIS;75316
4692;PATROCÍNIO;OUTROS CUSTOS;DESPESAS;75317;DESPESAS COM MARKETING;74644;CUSTOS E DESPESAS OPERACIONAIS;75316
4702;SERVIÇOS CONTRATADOS - AGÊNCIA;OUTROS CUSTOS;DESPESAS;75317;DESPESAS COM MARKETING;74644;CUSTOS E DESPESAS OPERACIONAIS;75316
4742;FÓRUM DE VENDAS;OUTROS CUSTOS;DESPESAS;75317;DESPESAS COM PROMOÇÃO;50161;CUSTOS E DESPESAS OPERACIONAIS;75316
4762;PESQUISA DE MERCADO;OUTROS CUSTOS;DESPESAS;75317;DESPESAS COM MARKETING;74644;CUSTOS E DESPESAS OPERACIONAIS;75316
4782;DSPV TERCEIROS;OUTROS CUSTOS;DESPESAS;75317;DESPESAS COM VIAGENS;50164;CUSTOS E DESPESAS OPERACIONAIS;75316
3701;OUTROS CUSTOS;OUTROS CUSTOS;DESPESAS;75317;DESPESAS COM UTILIDADES E SERVIÇOS;50163;CUSTOS E DESPESAS OPERACIONAIS;75316
3372;GRADUAÇÃO/ESPECIALIZAÇÃO;OUTROS CUSTOS;DESPESAS;75317;DESPESAS COM CAPACITAÇÃO;50157;CUSTOS E DESPESAS OPERACIONAIS;75316
3982;SERVIÇOS DE CONSULTORIA;OUTROS CUSTOS;DESPESAS;75317;DESPESAS COM SERVIÇOS;50162;CUSTOS E DESPESAS OPERACIONAIS;75316
3992;CONSULTORES CREDENCIADOS;OUTROS CUSTOS;DESPESAS;75317;DESPESAS COM SERVIÇOS;50162;CUSTOS E DESPESAS OPERACIONAIS;75316
4002;SERVIÇOS TERCEIRIZADOS;OUTROS CUSTOS;DESPESAS;75317;DESPESAS COM SERVIÇOS;50162;CUSTOS E DESPESAS OPERACIONAIS;75316
4052;EXERCÍCIOS LABORAIS;OUTROS CUSTOS;DESPESAS;75317;DESPESAS COM UTILIDADES E SERVIÇOS;50163;CUSTOS E DESPESAS OPERACIONAIS;75316
4062;AUDITORIA CONTÁBIL;OUTROS CUSTOS;DESPESAS;75317;DESPESAS COM SERVIÇOS;50162;CUSTOS E DESPESAS OPERACIONAIS;75316
4072;ACADEMIA - CANAIS;OUTROS CUSTOS;DESPESAS;75317;DESPESAS COM SERVIÇOS;50162;CUSTOS E DESPESAS OPERACIONAIS;75316
4392;MATERIAL DE ESCRITÓRIO;OUTROS CUSTOS;DESPESAS;75317;DESPESAS COM UTILIDADES E SERVIÇOS;50163;CUSTOS E DESPESAS OPERACIONAIS;75316
4432;CÓPIAS, AUTENTICAÇÕES E TAXAS;OUTROS CUSTOS;DESPESAS;75317;DESPESAS COM UTILIDADES E SERVIÇOS;50163;CUSTOS E DESPESAS OPERACIONAIS;75316
4472;FRETES E TRANSPORTES;OUTROS CUSTOS;DESPESAS;75317;DESPESAS COM UTILIDADES E SERVIÇOS;50163;CUSTOS E DESPESAS OPERACIONAIS;75316
4622;LICENC/SEGUROS/IPVA VEICULOS;OUTROS CUSTOS;DESPESAS;75317;DESPESAS COM FROTA;50265;CUSTOS E DESPESAS OPERACIONAIS;75316
3401;TREINAMENTOS E CURSOS;OUTROS CUSTOS;DESPESAS;75317;DESPESAS COM CAPACITAÇÃO;50157;CUSTOS E DESPESAS OPERACIONAIS;75316
3991;CONSULTORES CREDENCIADOS;OUTROS CUSTOS;DESPESAS;75317;DESPESAS COM SERVIÇOS;50162;CUSTOS E DESPESAS OPERACIONAIS;75316
4001;SERVIÇOS TERCEIRIZADOS;OUTROS CUSTOS;DESPESAS;75317;DESPESAS COM SERVIÇOS;50162;CUSTOS E DESPESAS OPERACIONAIS;75316
6242;PROJETOS;OUTROS CUSTOS;DESPESAS;75317;FUNDO DE PROJETOS;50261;CUSTOS E DESPESAS OPERACIONAIS;75316
3267;DSPV CAPACITAÇÃO;OUTROS CUSTOS;DESPESAS;75317;DESPESAS COM CAPACITAÇÃO;50157;CUSTOS E DESPESAS OPERACIONAIS;75316
6542;DESPESAS JUDICIAIS;OUTROS CUSTOS;DESPESAS;75317;DESPESAS COM UTILIDADES E SERVIÇOS;50163;CUSTOS E DESPESAS OPERACIONAIS;75316
6592;TRABALHOS INTERNOS;OUTROS CUSTOS;DESPESAS;75317;DESPESAS COM UTILIDADES E SERVIÇOS;50163;CUSTOS E DESPESAS OPERACIONAIS;75316
6492;BRINDES;OUTROS CUSTOS;DESPESAS;75317;DESPESAS COM PROMOÇÃO;50161;CUSTOS E DESPESAS OPERACIONAIS;75316
5952;SOFTWARE;OUTROS CUSTOS;DESPESAS;75317;DESPESAS COM TECNOLOGIA;50260;CUSTOS E DESPESAS OPERACIONAIS;75316
5672;SERVIÇOS AUTONOMOS;OUTROS CUSTOS;DESPESAS;75317;DESPESAS COM EQUIP. E INSTALAÇÕES;75326;CUSTOS E DESPESAS OPERACIONAIS;75316
5732;ENERGIA ELÉTRICA;OUTROS CUSTOS;DESPESAS;75317;DESPESAS COM UTILIDADES E SERVIÇOS;50163;CUSTOS E DESPESAS OPERACIONAIS;75316
5752;CORREIOS;OUTROS CUSTOS;DESPESAS;75317;DESPESAS COM UTILIDADES E SERVIÇOS;50163;CUSTOS E DESPESAS OPERACIONAIS;75316
5743;TELEFONIA FIXA;OUTROS CUSTOS;DESPESAS;75317;DESPESAS COM UTILIDADES E SERVIÇOS;50163;CUSTOS E DESPESAS OPERACIONAIS;75316
3265;CONGRESSOS/FEIRAS/EVENTOS (INATIVA);OUTROS CUSTOS;DESPESAS;75317;DESPESAS COM CAPACITAÇÃO;50157;CUSTOS E DESPESAS OPERACIONAIS;75316
3266;CONGRESSOS/FEIRAS/EVENTOS (INATIVA);OUTROS CUSTOS;DESPESAS;75317;DESPESAS COM CAPACITAÇÃO;50157;CUSTOS E DESPESAS OPERACIONAIS;75316
2906;CUSTO CRACHÁ VENDIDO;OUTROS CUSTOS;DESPESAS;75317;CUSTO DAS MERCADORIAS;75302;CUSTOS E DESPESAS OPERACIONAIS;75316
2895;CUSTO EQUIPAMENTOS CONTROLE ACESSO VENDIDOS;OUTROS CUSTOS;DESPESAS;75317;CUSTO DAS MERCADORIAS;75302;CUSTOS E DESPESAS OPERACIONAIS;75316
8097;DESPESAS COM INVENTARIO DE PRODUTOS DE CONSUMO;OUTROS CUSTOS;DESPESAS;75317;DESPESAS COM UTILIDADES E SERVIÇOS;50163;CUSTOS E DESPESAS OPERACIONAIS;75316
4332;SEGUROS VEICULOS;OUTROS CUSTOS;DESPESAS;75317;DESPESAS COM FROTA;50265;CUSTOS E DESPESAS OPERACIONAIS;75316
4943;PERDAS DE INVESTIMENTOS;OUTROS CUSTOS;DESPESAS;75317;DESPESAS COM PERDAS;50159;CUSTOS E DESPESAS OPERACIONAIS;75316
9267;CUSTO COM INVENTÁRIO DE PRODUTOS;OUTROS CUSTOS;DESPESAS;75317;CUSTO DAS MERCADORIAS;75302;CUSTOS E DESPESAS OPERACIONAIS;75316
2103;BRINDES MARKETING;OUTROS CUSTOS;DESPESAS;75317;DESPESAS COM MARKETING;74644;CUSTOS E DESPESAS OPERACIONAIS;75316
2102;APOIO A CANAIS;OUTROS CUSTOS;DESPESAS;75317;DESPESAS COM MARKETING;74644;CUSTOS E DESPESAS OPERACIONAIS;75316
4625;CONTRATOS FROTA;OUTROS CUSTOS;DESPESAS;75317;DESPESAS COM FROTA;50265;CUSTOS E DESPESAS OPERACIONAIS;75316
3160;CUSTOS DOS EQUIP. LOCADOS;OUTROS CUSTOS;DESPESAS;75317;CUSTO DAS MERCADORIAS;75302;CUSTOS E DESPESAS OPERACIONAIS;75316
9147;DISPENDIOS LEI 11.196/2005;OUTROS CUSTOS;DESPESAS;75317;DESPESAS COM CAPACITAÇÃO;50157;CUSTOS E DESPESAS OPERACIONAIS;75316
2913;CUSTO DE CONFECÇÃO CRACHÁ VENDIDO;OUTROS CUSTOS;DESPESAS;75317;CUSTO SOFTWARE DE TERCEIROS;75303;CUSTOS E DESPESAS OPERACIONAIS;75316
3287;TREINAMENTOS CA E CE;OUTROS CUSTOS;DESPESAS;75317;DESPESAS COM CAPACITAÇÃO;50157;CUSTOS E DESPESAS OPERACIONAIS;75316
3288;TREINAMENTOS CA E CE;OUTROS CUSTOS;DESPESAS;75317;DESPESAS COM CAPACITAÇÃO;50157;CUSTOS E DESPESAS OPERACIONAIS;75316
4453;CONTRATOS DE MANUTENÇÃO;OUTROS CUSTOS;DESPESAS;75317;DESPESAS COM EQUIP. E INSTALAÇÕES;75326;CUSTOS E DESPESAS OPERACIONAIS;75316
2914;CUSTO AMBIENTE CLOUD PARA CLIENTES LEGADO;OUTROS CUSTOS;DESPESAS;75317;CUSTO CLOUD;75304;CUSTOS E DESPESAS OPERACIONAIS;75316
5306;DÉBITO - CUSTOS COM CSC;OUTROS CUSTOS;DESPESAS;75317;ÁREAS CORPORATIVAS;75141;CUSTOS E DESPESAS OPERACIONAIS;75316
4487;AMORTIZAÇÃO NOVASOFT;OUTROS CUSTOS;DESPESAS;75317;AMORTIZAÇÕES;75330;AMORTIZAÇÕES E DEPRECIAÇÕES;75328
5433;(-)PROVISÃO P/ IRPJ;OUTROS CUSTOS;IMPOSTOS SOBRE O LUCRO;50167;IMPOSTOS SOBRE O LUCRO;50167;IMPOSTOS SOBRE O LUCRO;50167
5443;(-)PROVISÃO P/ CONTRIBUIÇÃO SOCIAL;OUTROS CUSTOS;IMPOSTOS SOBRE O LUCRO;50167;IMPOSTOS SOBRE O LUCRO;50167;IMPOSTOS SOBRE O LUCRO;50167
4488;AMORTIZAÇÃO CONVENIX;OUTROS CUSTOS;DESPESAS;75317;AMORTIZAÇÕES;75330;AMORTIZAÇÕES E DEPRECIAÇÕES;75328
4982;DESPESAS BANCARIAS;OUTROS CUSTOS;DESPESAS;75317;RESULTADO FINANCEIRO;75329;RESULTADO FINANCEIRO;75329
5002;DESCONTOS CONCEDIDOS;OUTROS CUSTOS;DESPESAS;75317;RESULTADO FINANCEIRO;75329;RESULTADO FINANCEIRO;75329
5012;DESPESAS DE COBRANÇAS;OUTROS CUSTOS;DESPESAS;75317;RESULTADO FINANCEIRO;75329;RESULTADO FINANCEIRO;75329
5022;JUROS CAPITAL PROPRIO;OUTROS CUSTOS;DESPESAS;75317;RESULTADO FINANCEIRO;75329;RESULTADO FINANCEIRO;75329
5062;VARIACAO CAMBIAL/MONETARIA ATIVA;OUTROS CUSTOS;DESPESAS;75317;RESULTADO FINANCEIRO;75329;RESULTADO FINANCEIRO;75329
4452;AMORTIZAÇÃO;OUTROS CUSTOS;DESPESAS;75317;AMORTIZAÇÕES;75330;AMORTIZAÇÕES E DEPRECIAÇÕES;75328
3251;AJUSTE A VALOR PRESENTE - AVP;OUTROS CUSTOS;DEDUÇÕES DA RECEITA BRUTA;75308;AVP;75307;AVP;75307
5441;PROVISÃO P/ CONTRIBUIÇÃO SOCIAL;OUTROS CUSTOS;IMPOSTOS SOBRE O LUCRO;50167;IMPOSTOS SOBRE O LUCRO;50167;IMPOSTOS SOBRE O LUCRO;50167
5632;DESPESAS DE DEPRECIAÇÃO;OUTROS CUSTOS;DESPESAS;75317;DEPRECIAÇÕES;75327;AMORTIZAÇÕES E DEPRECIAÇÕES;75328
4973;DESPESAS COM CAPTAÇÃO;OUTROS CUSTOS;DESPESAS;75317;RESULTADO FINANCEIRO;75329;RESULTADO FINANCEIRO;75329
5442;PROVISÃO P/ CONTRIBUIÇÃO SOCIAL - LEI DO BEM;OUTROS CUSTOS;IMPOSTOS SOBRE O LUCRO;50167;IMPOSTOS SOBRE O LUCRO;50167;IMPOSTOS SOBRE O LUCRO;50167
7223;AMORTIZAÇAO;OUTROS CUSTOS;DESPESAS;75317;AMORTIZAÇÕES;75330;AMORTIZAÇÕES E DEPRECIAÇÕES;75328
7606;AMORTIZAÇÃO;OUTROS CUSTOS;DESPESAS;75317;AMORTIZAÇÕES;75330;AMORTIZAÇÕES E DEPRECIAÇÕES;75328
3213;INSS DESONERAÇÃO CRÉDITO;OUTROS CUSTOS;DEDUÇÕES DA RECEITA BRUTA;75308;IMPOSTOS S/ FATURAMENTO;75301;IMPOSTOS S/ FATURAMENTO;75301
3214;IPI S/ VENDAS;OUTROS CUSTOS;DEDUÇÕES DA RECEITA BRUTA;75308;IMPOSTOS S/ FATURAMENTO;75301;IMPOSTOS S/ FATURAMENTO;75301
3215;(-) CREDITO DE PIS/COFINS;OUTROS CUSTOS;DEDUÇÕES DA RECEITA BRUTA;75308;IMPOSTOS S/ FATURAMENTO;75301;IMPOSTOS S/ FATURAMENTO;75301
5033;FIANÇA BANCÁRIA;OUTROS CUSTOS;DESPESAS;75317;RESULTADO FINANCEIRO;75329;RESULTADO FINANCEIRO;75329
8749;(-)IR E CSLL DIFERIDO S/ ADIÇÕES;OUTROS CUSTOS;IMPOSTOS SOBRE O LUCRO;50167;IMPOSTOS SOBRE O LUCRO;50167;IMPOSTOS SOBRE O LUCRO;50167
8839;AMORTIZAÇAO SOMOS TECNOLOGIA;OUTROS CUSTOS;DESPESAS;75317;AMORTIZAÇÕES;75330;AMORTIZAÇÕES E DEPRECIAÇÕES;75328
8409;ESTORNO RETENCAO NOTAS CANCELADAS;OUTROS CUSTOS;DEDUÇÕES DA RECEITA BRUTA;75308;IMPOSTOS S/ FATURAMENTO;75301;IMPOSTOS S/ FATURAMENTO;75301
8279;SIMPLES NACIONAL;OUTROS CUSTOS;DEDUÇÕES DA RECEITA BRUTA;75308;IMPOSTOS S/ FATURAMENTO;75301;IMPOSTOS S/ FATURAMENTO;75301
9119;AMORTIZAÇÃO DIREITO EXPLOR COMER MG;OUTROS CUSTOS;DESPESAS;75317;AMORTIZAÇÕES;75330;AMORTIZAÇÕES E DEPRECIAÇÕES;75328
9537;AMORTIZAÇÃO;OUTROS CUSTOS;DESPESAS;75317;AMORTIZAÇÕES;75330;AMORTIZAÇÕES E DEPRECIAÇÕES;75328
5152;OUTRAS RECEITA NÃO TRIBUTAVEIS PIS E COFINS;OUTROS CUSTOS;DESPESAS;75317;RESULTADO NÃO OPERACIONAL;75331;RESULTADO NÃO OPERACIONAL;75331
5153;BRINDES RECEBIDOS;OUTROS CUSTOS;DESPESAS;75317;RESULTADO NÃO OPERACIONAL;75331;RESULTADO NÃO OPERACIONAL;75331
9238;AMORTIZAÇÃO;OUTROS CUSTOS;DESPESAS;75317;AMORTIZAÇÕES;75330;AMORTIZAÇÕES E DEPRECIAÇÕES;75328
10688;AMORTIZAÇÃO SOFTWARE EMPRESA;OUTROS CUSTOS;DESPESAS;75317;AMORTIZAÇÕES;75330;AMORTIZAÇÕES E DEPRECIAÇÕES;75328
10728;PLANO DE OPÇÕES - ILP EXECUTIVOS;OUTROS CUSTOS;DESPESAS;75317;RESULTADO NÃO OPERACIONAL;75331;RESULTADO NÃO OPERACIONAL;75331
10518;(-) IRPJ DIFERIDO;OUTROS CUSTOS;IMPOSTOS SOBRE O LUCRO;50167;IMPOSTOS SOBRE O LUCRO;50167;IMPOSTOS SOBRE O LUCRO;50167
10417;(-) IRPJ DIFERIDO CPC 04 SOFTWARE;OUTROS CUSTOS;IMPOSTOS SOBRE O LUCRO;50167;IMPOSTOS SOBRE O LUCRO;50167;IMPOSTOS SOBRE O LUCRO;50167
3222;(-) PERDAS ESTIMADAS;OUTROS CUSTOS;DEDUÇÕES DA RECEITA BRUTA;75308;PERDAS ESTIMADAS;75320;PERDAS ESTIMADAS;75320
10357;(-) IRPJ DIFERIDO CPC 47;OUTROS CUSTOS;IMPOSTOS SOBRE O LUCRO;50167;IMPOSTOS SOBRE O LUCRO;50167;IMPOSTOS SOBRE O LUCRO;50167
10367;(-) CSLL DIFERIDO CPC 47;OUTROS CUSTOS;IMPOSTOS SOBRE O LUCRO;50167;IMPOSTOS SOBRE O LUCRO;50167;IMPOSTOS SOBRE O LUCRO;50167
10397;AMORTIZAÇÃO CARTEIRA CLIENTES ERB;OUTROS CUSTOS;DESPESAS;75317;AMORTIZAÇÕES;75330;AMORTIZAÇÕES E DEPRECIAÇÕES;75328
4565;PERDAS EM RENDA VARIÁVEL;OUTROS CUSTOS;DESPESAS;75317;RESULTADO FINANCEIRO;75329;RESULTADO FINANCEIRO;75329
10658;AMORTIZAÇÃO CARTEIRA CLIENTES NEXT;OUTROS CUSTOS;DESPESAS;75317;AMORTIZAÇÕES;75330;AMORTIZAÇÕES E DEPRECIAÇÕES;75328
4483;AMORTIZAÇÕES;OUTROS CUSTOS;DESPESAS;75317;AMORTIZAÇÕES;75330;AMORTIZAÇÕES E DEPRECIAÇÕES;75328
4484;AMORTIZAÇÃO DE SOFTWARES;OUTROS CUSTOS;DESPESAS;75317;AMORTIZAÇÕES;75330;AMORTIZAÇÕES E DEPRECIAÇÕES;75328
3211;PIS S/ VENDAS E SERVIÇOS;OUTROS CUSTOS;DEDUÇÕES DA RECEITA BRUTA;75308;IMPOSTOS S/ FATURAMENTO;75301;IMPOSTOS S/ FATURAMENTO;75301
5052;JUROS RECEBIDOS;OUTROS CUSTOS;DESPESAS;75317;RESULTADO FINANCEIRO;75329;RESULTADO FINANCEIRO;75329
5082;DESCONTOS RECEBIDOS;OUTROS CUSTOS;DESPESAS;75317;RESULTADO FINANCEIRO;75329;RESULTADO FINANCEIRO;75329
5142;OUTRAS DESPESAS/RECEITAS;OUTROS CUSTOS;DESPESAS;75317;RESULTADO NÃO OPERACIONAL;75331;RESULTADO NÃO OPERACIONAL;75331
5431;PROVISÃO P/ IRPJ;OUTROS CUSTOS;IMPOSTOS SOBRE O LUCRO;50167;IMPOSTOS SOBRE O LUCRO;50167;IMPOSTOS SOBRE O LUCRO;50167
4975;JUROS AQUISIÇÃO;OUTROS CUSTOS;DESPESAS;75317;RESULTADO FINANCEIRO;75329;RESULTADO FINANCEIRO;75329
6682;DOACOES A PROJETOS CULTURAIS E FIA;OUTROS CUSTOS;DESPESAS;75317;RESULTADO NÃO OPERACIONAL;75331;RESULTADO NÃO OPERACIONAL;75331
3216;INSS DESONERAÇÃO DÉBITO;OUTROS CUSTOS;DEDUÇÕES DA RECEITA BRUTA;75308;IMPOSTOS S/ FATURAMENTO;75301;IMPOSTOS S/ FATURAMENTO;75301
7607;AMORTIZAÇÃO;OUTROS CUSTOS;DESPESAS;75317;AMORTIZAÇÕES;75330;AMORTIZAÇÕES E DEPRECIAÇÕES;75328
10718;ENCERRAMENTO CONTRATOS IFRS 16;OUTROS CUSTOS;DESPESAS;75317;RESULTADO NÃO OPERACIONAL;75331;RESULTADO NÃO OPERACIONAL;75331
10528;(-) CSLL DIFERIDO;OUTROS CUSTOS;IMPOSTOS SOBRE O LUCRO;50167;IMPOSTOS SOBRE O LUCRO;50167;IMPOSTOS SOBRE O LUCRO;50167
10317;DEPRECIAÇÃO AAP;OUTROS CUSTOS;DESPESAS;75317;DEPRECIAÇÕES;75327;AMORTIZAÇÕES E DEPRECIAÇÕES;75328
9638;RENDIMENTO EM CONTA NO EXTERIOR;OUTROS CUSTOS;DESPESAS;75317;RESULTADO FINANCEIRO;75329;RESULTADO FINANCEIRO;75329
4485;AMORTIZAÇÃO EMPRESA;OUTROS CUSTOS;DESPESAS;75317;AMORTIZAÇÕES;75330;AMORTIZAÇÕES E DEPRECIAÇÕES;75328
10358;(-) IRPJ DIFERIDO ÁGIO AQUISIÇÕES;OUTROS CUSTOS;IMPOSTOS SOBRE O LUCRO;50167;IMPOSTOS SOBRE O LUCRO;50167;IMPOSTOS SOBRE O LUCRO;50167
10368;(-) CSLL DIFERIDO ÁGIO AQUISIÇÕES;OUTROS CUSTOS;IMPOSTOS SOBRE O LUCRO;50167;IMPOSTOS SOBRE O LUCRO;50167;IMPOSTOS SOBRE O LUCRO;50167
4486;AMORTIZAÇÃO GKO;OUTROS CUSTOS;DESPESAS;75317;AMORTIZAÇÕES;75330;AMORTIZAÇÕES E DEPRECIAÇÕES;75328
4566;ATUALIZAÇÃO DE CONTINGÊNCIAS;OUTROS CUSTOS;DESPESAS;75317;RESULTADO FINANCEIRO;75329;RESULTADO FINANCEIRO;75329
3201;INSTALAÇÃO/ATUALIZAÇÃO APLICAÇÕES EMPRESA;OUTROS CUSTOS;RECEITA;75314;SERVIÇO NÃO RECORRENTE;75293;RECEITA NÃO RECORRENTE;75312
3231;ISS S/ SERVIÇOS;OUTROS CUSTOS;DEDUÇÕES DA RECEITA BRUTA;75308;IMPOSTOS S/ FATURAMENTO;75301;IMPOSTOS S/ FATURAMENTO;75301
4972;JUROS PAGOS;OUTROS CUSTOS;DESPESAS;75317;RESULTADO FINANCEIRO;75329;RESULTADO FINANCEIRO;75329
4992;VARIACAO CAMBIAL/MONETARIA PASSIVA;OUTROS CUSTOS;DESPESAS;75317;RESULTADO FINANCEIRO;75329;RESULTADO FINANCEIRO;75329
5032;(-)RESSAR.DESPESA COBRANÇA;OUTROS CUSTOS;DESPESAS;75317;RESULTADO FINANCEIRO;75329;RESULTADO FINANCEIRO;75329
5112;RECEITA DO IMOBILIZADO VENDIDO;OUTROS CUSTOS;DESPESAS;75317;RESULTADO NÃO OPERACIONAL;75331;RESULTADO NÃO OPERACIONAL;75331
3241;(-)DESCONTO E ABATIMENTOS CONCEDIDOS;OUTROS CUSTOS;DEDUÇÕES DA RECEITA BRUTA;75308;IMPOSTOS S/ FATURAMENTO;75301;IMPOSTOS S/ FATURAMENTO;75301
6932;AMORTIZAÇAO;OUTROS CUSTOS;DESPESAS;75317;AMORTIZAÇÕES;75330;AMORTIZAÇÕES E DEPRECIAÇÕES;75328
6962;RECEITA/DESPESAS DE EQUIVALENCIA PATRIMONIAL;OUTROS CUSTOS;DESPESAS;75317;RESULTADO NÃO OPERACIONAL;75331;RESULTADO NÃO OPERACIONAL;75331
4974;JUROS BNDES;OUTROS CUSTOS;DESPESAS;75317;RESULTADO FINANCEIRO;75329;RESULTADO FINANCEIRO;75329
6963;CREDITOS NAO IDENTIFICADOS;OUTROS CUSTOS;DESPESAS;75317;RESULTADO NÃO OPERACIONAL;75331;RESULTADO NÃO OPERACIONAL;75331
6912;IMPOSTO OPERAÇÕES FINANCEIRAS - IOF;OUTROS CUSTOS;DESPESAS;75317;RESULTADO FINANCEIRO;75329;RESULTADO FINANCEIRO;75329
6362;(-)CANC.INSTALAÇÃO/ATUALIZAÇÃO APLIC.EMPRESA;OUTROS CUSTOS;RECEITA;75314;SERVIÇO NÃO RECORRENTE;75293;RECEITA NÃO RECORRENTE;75312
3212;ICMS S/ VENDAS;OUTROS CUSTOS;DEDUÇÕES DA RECEITA BRUTA;75308;IMPOSTOS S/ FATURAMENTO;75301;IMPOSTOS S/ FATURAMENTO;75301
8127;(-)PIS E COFINS S/ RECEITA FINANCEIRA;OUTROS CUSTOS;DESPESAS;75317;RESULTADO FINANCEIRO;75329;RESULTADO FINANCEIRO;75329
9597;AMORTIZAÇÃO;OUTROS CUSTOS;DESPESAS;75317;AMORTIZAÇÕES;75330;AMORTIZAÇÕES E DEPRECIAÇÕES;75328
9237;AMORTIZAÇÃO;OUTROS CUSTOS;DESPESAS;75317;AMORTIZAÇÕES;75330;AMORTIZAÇÕES E DEPRECIAÇÕES;75328
10457;PERDAS POR IMPAIRMENT;OUTROS CUSTOS;DESPESAS;75317;AMORTIZAÇÕES;75330;AMORTIZAÇÕES E DEPRECIAÇÕES;75328
5633;AMORTIZAÇÃO ARRENDAMENTOS IFRS 16;OUTROS CUSTOS;DESPESAS;75317;AMORTIZAÇÕES;75330;AMORTIZAÇÕES E DEPRECIAÇÕES;75328
3161;CONSULTOR CREDENCIADO ATENDIMENTO (INATIVA);OUTROS CUSTOS;RECEITA;75314;SERVIÇO NÃO RECORRENTE;75293;RECEITA NÃO RECORRENTE;75312
3171;CONSULTOR POOL;OUTROS CUSTOS;RECEITA;75314;SERVIÇO NÃO RECORRENTE;75293;RECEITA NÃO RECORRENTE;75312
3221;COFINS S/ VENDAS E SERVIÇOS;OUTROS CUSTOS;DEDUÇÕES DA RECEITA BRUTA;75308;IMPOSTOS S/ FATURAMENTO;75301;IMPOSTOS S/ FATURAMENTO;75301
4141;DESPESAS DE DEPRECIAÇÃO;OUTROS CUSTOS;DESPESAS;75317;DEPRECIAÇÕES;75327;AMORTIZAÇÕES E DEPRECIAÇÕES;75328
5072;RECEITA DE APLICACOES FIXAS;OUTROS CUSTOS;DESPESAS;75317;RESULTADO FINANCEIRO;75329;RESULTADO FINANCEIRO;75329
5092;JUROS/DESPESAS S/ IMPOSTOS A RECUPERAR;OUTROS CUSTOS;DESPESAS;75317;RESULTADO FINANCEIRO;75329;RESULTADO FINANCEIRO;75329
5122;(-)CUSTO DO IMOBILIZADO VENDIDO;OUTROS CUSTOS;DESPESAS;75317;RESULTADO NÃO OPERACIONAL;75331;RESULTADO NÃO OPERACIONAL;75331
5432;PROVISÃO P/ IRPJ - LEI DO BEM;OUTROS CUSTOS;IMPOSTOS SOBRE O LUCRO;50167;IMPOSTOS SOBRE O LUCRO;50167;IMPOSTOS SOBRE O LUCRO;50167
7263;JUROS LEASING, CARTAO BNDES, FINAME;OUTROS CUSTOS;DESPESAS;75317;RESULTADO FINANCEIRO;75329;RESULTADO FINANCEIRO;75329
9637;RECEITA FINANCEIRA AVP;OUTROS CUSTOS;DESPESAS;75317;RESULTADO FINANCEIRO;75329;RESULTADO FINANCEIRO;75329
10177;AMORTIZAÇÃO;OUTROS CUSTOS;DESPESAS;75317;AMORTIZAÇÕES;75330;AMORTIZAÇÕES E DEPRECIAÇÕES;75328
6964;INDENIZAÇÕES RECEBIDAS DE SEGUROS;OUTROS CUSTOS;DESPESAS;75317;RESULTADO NÃO OPERACIONAL;75331;RESULTADO NÃO OPERACIONAL;75331
10427;(-) CSLL DIFERIDO CPC 04 SOFTWARE;OUTROS CUSTOS;IMPOSTOS SOBRE O LUCRO;50167;IMPOSTOS SOBRE O LUCRO;50167;IMPOSTOS SOBRE O LUCRO;50167
7608;AMORTIZAÇÃO ZERO ONE;OUTROS CUSTOS;DESPESAS;75317;AMORTIZAÇÕES;75330;AMORTIZAÇÕES E DEPRECIAÇÕES;75328
4563;JUROS CONTRATOS DE ARRENDAMENTO IFRS 16;OUTROS CUSTOS;DESPESAS;75317;RESULTADO FINANCEIRO;75329;RESULTADO FINANCEIRO;75329
9598;AMORTIZAÇÃO;OUTROS CUSTOS;DESPESAS;75317;AMORTIZAÇÕES;75330;AMORTIZAÇÕES E DEPRECIAÇÕES;75328
3009;INTERMEDIAÇÃO;RECEITA FINTECH;RECEITA;75314;INTERMEDIAÇÃO;75300;RECEITA FINTECH;75311
6793;HABILITAÇÃO CLOUD;VENDAS;RECEITA;75314;HABILITAÇÃO CLOUD;75373;RECEITA NÃO RECORRENTE;75312
6794;(-)CANC.HABILITAÇÃO CLOUD;VENDAS;RECEITA;75314;HABILITAÇÃO CLOUD;75373;RECEITA NÃO RECORRENTE;75312
6795;(-)CANC. MOBILIDADE;CLOUD;RECEITA;75314;SAAS;75289;RECEITA RECORRENTE;75313
3063;(-)CANC.SERVICE DELIVERY;SERVICE DELIVERY;RECEITA;75314;SERVIÇO NÃO RECORRENTE;75293;RECEITA NÃO RECORRENTE;75312
3042;TREINAMENTOS EM SISTEMAS IMPLANTADOS;TREINAMENTOS;RECEITA;75314;SERVIÇO NÃO RECORRENTE;75293;RECEITA NÃO RECORRENTE;75312
5785;CUSTO SOFT.TERC. - SERVIÇOS PARCEIROS;MARKETPLACE;DESPESAS;75317;CUSTO SOFTWARE DE TERCEIROS;75303;CUSTOS E DESPESAS OPERACIONAIS;75316
2931;LICENÇAS UPGRADE;VENDAS;RECEITA;75314;LICENÇAS;75292;RECEITA NÃO RECORRENTE;75312
2941;(-)CANC.LICENÇAS UPGRADE;VENDAS;RECEITA;75314;LICENÇAS;75292;RECEITA NÃO RECORRENTE;75312
2981;CUSTOMIZAÇÕES BASE INSTALADA;CUST_DESENVOLVIMENTO;RECEITA;75314;ATST;75288;RECEITA RECORRENTE;75313
3051;(-)CANC.TREINAMENTOS POR ASSINATURA;TREINAMENTOS;RECEITA;75314;SERVIÇO RECORRENTE;75291;RECEITA RECORRENTE;75313
3081;GESTÃO DE PROJETOS;GESTÃO DE PROJETOS;RECEITA;75314;SERVIÇO NÃO RECORRENTE;75293;RECEITA NÃO RECORRENTE;75312
3111;CONSULTORIA SERV. ESPECIALIZADO;CONSULTORIA ESPECIALIZADA;RECEITA;75314;SERVIÇO NÃO RECORRENTE;75293;RECEITA NÃO RECORRENTE;75312
3131;SERVIÇOS DE CUSTOMIZAÇÃO;SERVIÇOS CUSTOMIZAÇÃO;RECEITA;75314;SERVIÇO NÃO RECORRENTE;75293;RECEITA NÃO RECORRENTE;75312
2911;(-)CANC. LICENÇAS;VENDAS;RECEITA;75314;LICENÇAS;75292;RECEITA NÃO RECORRENTE;75312
3691;PARTICIPAÇÃO LUT - VENDAS;VENDAS;DESPESAS;75317;PARTICIPAÇÃO CANAIS;75305;CUSTOS E DESPESAS OPERACIONAIS;75316
3191;(-)CANC. BPO;SERVIÇOS BPO;RECEITA;75314;SERVIÇO RECORRENTE;75291;RECEITA RECORRENTE;75313
6182;(-)CANC.ATUALIZAÇÕES SOFT. TERCEIROS;ATUALIZAÇÕES;RECEITA;75314;ATST;75288;RECEITA RECORRENTE;75313
6162;PARTICIPAÇAO GESTÃO DE PROJETOS;GESTÃO DE PROJETOS;DESPESAS;75317;PARTICIPAÇÃO CANAIS;75305;CUSTOS E DESPESAS OPERACIONAIS;75316
6772;(-)CANC.COMISSIONAMENTO HARDWARE;VENDAS;RECEITA;75314;LICENÇAS;75292;RECEITA NÃO RECORRENTE;75312
6812;PARTICIPAÇÃO COMISSIONAMENTO DE SOFWARE;VENDAS;DESPESAS;75317;PARTICIPAÇÃO CANAIS;75305;CUSTOS E DESPESAS OPERACIONAIS;75316
6922;CUSTO EMPRESA;OUTRAS RECEITAS;DESPESAS;75317;CUSTO SOFTWARE DE TERCEIROS;75303;CUSTOS E DESPESAS OPERACIONAIS;75316
3672;PARTICIPAÇÃO MOBILIDADE;CLOUD;DESPESAS;75317;PARTICIPAÇÃO CANAIS;75305;CUSTOS E DESPESAS OPERACIONAIS;75316
6622;COMISSIONAMENTO SOFTWARE;VENDAS;RECEITA;75314;LICENÇAS;75292;RECEITA NÃO RECORRENTE;75312
5282;RESSARCIMENTO FRETES/CORREIOS – NF;RESSARCIMENTO;RECEITA;75314;OUTRAS RECEITAS;75296;RECEITA NÃO RECORRENTE;75312
6213;(-)CANC. OUTRAS RECEITAS;OUTRAS RECEITAS;RECEITA;75314;OUTRAS RECEITAS;75296;RECEITA NÃO RECORRENTE;75312
2899;VENDA CRACHÁ;RECEITAS VENDAS HARDWARE;RECEITA;75314;VENDAS HARDWARE;75294;RECEITA NÃO RECORRENTE;75312
2903;(-)CANC.VENDA SOFTWARE;RECEITAS VENDAS HARDWARE;RECEITA;75314;VENDAS HARDWARE;75294;RECEITA NÃO RECORRENTE;75312
3676;PARTICIPAÇÃO LUT SOFT.TERC. - ATUALIZAÇÕES;ATUALIZAÇÕES;DESPESAS;75317;PARTICIPAÇÃO CANAIS;75305;CUSTOS E DESPESAS OPERACIONAIS;75316
2878;(-)CANC.VENDA MONITORAMENTO;RECEITAS VENDAS HARDWARE;RECEITA;75314;VENDAS HARDWARE;75294;RECEITA NÃO RECORRENTE;75312
2882;VENDA ACESSÓRIOS;RECEITAS VENDAS HARDWARE;RECEITA;75314;VENDAS HARDWARE;75294;RECEITA NÃO RECORRENTE;75312
2885;(-)CANC.CONTRATO SUPORTE TÉCNICO DE HARDWARE;RECEITAS ATST HARDWARE;RECEITA;75314;SERVIÇO RECORRENTE;75291;RECEITA RECORRENTE;75313
3895;PARTICIPAÇÃO IT SERVICES;SERVIÇOS IT SERVICES;DESPESAS;75317;PARTICIPAÇÃO CANAIS;75305;CUSTOS E DESPESAS OPERACIONAIS;75316
6343;SERVIÇOS IT SERVICES;SERVIÇOS IT SERVICES;RECEITA;75314;SERVIÇO NÃO RECORRENTE;75293;RECEITA NÃO RECORRENTE;75312
6344;(-)CANC.SERV. IT SERVICES;SERVIÇOS IT SERVICES;RECEITA;75314;SERVIÇO NÃO RECORRENTE;75293;RECEITA NÃO RECORRENTE;75312
6347;SERVIÇOS DE MIGRAÇÃO;SERVIÇOS DE MIGRAÇÃO;RECEITA;75314;SERVIÇO NÃO RECORRENTE;75293;RECEITA NÃO RECORRENTE;75312
6348;(-)CANC.SERVIÇOS DE MIGRAÇÃO;SERVIÇOS DE MIGRAÇÃO;RECEITA;75314;SERVIÇO NÃO RECORRENTE;75293;RECEITA NÃO RECORRENTE;75312
3897;PARTICIPAÇÃO CONSULTORIA FAST;CONSULTORIA FAST;DESPESAS;75317;PARTICIPAÇÃO CANAIS;75305;CUSTOS E DESPESAS OPERACIONAIS;75316
6350;(-)CANC.SERVIÇOS PARCEIROS;MARKETPLACE;RECEITA;75314;SERVIÇO NÃO RECORRENTE;75293;RECEITA NÃO RECORRENTE;75312
6351;BPO ESPECIALIZADO;BPO ESPECIALIZADO;RECEITA;75314;SERVIÇO RECORRENTE;75291;RECEITA RECORRENTE;75313
6353;(-)CANCE.BPO ESPECIALIZADO;BPO ESPECIALIZADO;RECEITA;75314;SERVIÇO RECORRENTE;75291;RECEITA RECORRENTE;75313
2951;LUT SOFT. TERCEIROS - LICENÇAS;VENDAS;RECEITA;75314;LUT;75290;RECEITA RECORRENTE;75313
3031;(-)CANC.ATUALIZAÇÃO;ATUALIZAÇÕES;RECEITA;75314;ATST;75288;RECEITA RECORRENTE;75313
3011;(-)CANC.CUSTOMIZAÇÃO BASE INSTALADA;CUST_DESENVOLVIMENTO;RECEITA;75314;ATST;75288;RECEITA RECORRENTE;75313
5241;LUT - MANUTENÇÃO;ATUALIZAÇÕES;RECEITA;75314;LUT;75290;RECEITA RECORRENTE;75313
3041;TREINAMENTOS POR ASSINATURA;TREINAMENTOS;RECEITA;75314;SERVIÇO RECORRENTE;75291;RECEITA RECORRENTE;75313
2881;LICENÇAS;VENDAS;RECEITA;75314;LICENÇAS;75292;RECEITA NÃO RECORRENTE;75312
3711;PARTICIPAÇÃO SERVIÇOS ESPECIALIZADOS;CONSULTORIA ESPECIALIZADA;DESPESAS;75317;PARTICIPAÇÃO CANAIS;75305;CUSTOS E DESPESAS OPERACIONAIS;75316
5592;CUSTO SOFT.TERC. - LICENÇAS;VENDAS;DESPESAS;75317;CUSTO SOFTWARE DE TERCEIROS;75303;CUSTOS E DESPESAS OPERACIONAIS;75316
5291;PARTICIPAÇÃO LICENÇA;VENDAS;DESPESAS;75317;PARTICIPAÇÃO CANAIS;75305;CUSTOS E DESPESAS OPERACIONAIS;75316
6212;RECEITA DE SERVIÇOS;OUTRAS RECEITAS;RECEITA;75314;OUTRAS RECEITAS;75296;RECEITA NÃO RECORRENTE;75312
6332;PARTICIPAÇAO CONSULTORIA DE ATENDIMENTO;CONSULTORIA ATENDIMENTO;DESPESAS;75317;PARTICIPAÇÃO CANAIS;75305;CUSTOS E DESPESAS OPERACIONAIS;75316
6782;(-)CANC.COMISSIONAMENTO SOFTWARE;VENDAS;RECEITA;75314;LICENÇAS;75292;RECEITA NÃO RECORRENTE;75312
6792;MOBILIDADE;CLOUD;RECEITA;75314;SAAS;75289;RECEITA RECORRENTE;75313
6862;RECEITA INTERNA;OUTRAS RECEITAS;RECEITA;75314;OUTRAS RECEITAS;75296;RECEITA NÃO RECORRENTE;75312
6142;PARTICIPAÇÃO BPO;SERVIÇOS BPO;DESPESAS;75317;PARTICIPAÇÃO CANAIS;75305;CUSTOS E DESPESAS OPERACIONAIS;75316
6342;(-)CANC.CONSULTORIA DE ATENDIMENTO;CONSULTORIA ATENDIMENTO;RECEITA;75314;SERVIÇO NÃO RECORRENTE;75293;RECEITA NÃO RECORRENTE;75312
5782;PARTICIPAÇÃO TREINAMENTOS POR ASSINATURA;TREINAMENTOS;DESPESAS;75317;PARTICIPAÇÃO CANAIS;75305;CUSTOS E DESPESAS OPERACIONAIS;75316
5283;(-)CANC.RESSARCIMENTO FRETES/CORREIOS – NF;RESSARCIMENTO;RECEITA;75314;OUTRAS RECEITAS;75296;RECEITA NÃO RECORRENTE;75312
2902;VENDA SOFTWARE;RECEITAS VENDAS HARDWARE;RECEITA;75314;VENDAS HARDWARE;75294;RECEITA NÃO RECORRENTE;75312
2905;(-)CANC.LOCAÇÃO DE EQUIPAMENTOS;RECEITAS SERVIÇOS HARDWARE;RECEITA;75314;SERVIÇO RECORRENTE;75291;RECEITA RECORRENTE;75313
3675;PARTICIPAÇÃO LUT SOFT.TERC. - LICENÇAS;VENDAS;DESPESAS;75317;PARTICIPAÇÃO CANAIS;75305;CUSTOS E DESPESAS OPERACIONAIS;75316
3677;LUT SOFT. TERCEIROS - ATUALIZAÇÃO;ATUALIZAÇÕES;RECEITA;75314;LUT;75290;RECEITA RECORRENTE;75313
2876;(-)CANC.VENDA CONTROLE ACESSO;RECEITAS VENDAS HARDWARE;RECEITA;75314;VENDAS HARDWARE;75294;RECEITA NÃO RECORRENTE;75312
2877;VENDA MONITORAMENTO;RECEITAS VENDAS HARDWARE;RECEITA;75314;VENDAS HARDWARE;75294;RECEITA NÃO RECORRENTE;75312
2879;VENDA REP;RECEITAS VENDAS HARDWARE;RECEITA;75314;VENDAS HARDWARE;75294;RECEITA NÃO RECORRENTE;75312
2880;(-)CANC.VENDA REP;RECEITAS VENDAS HARDWARE;RECEITA;75314;VENDAS HARDWARE;75294;RECEITA NÃO RECORRENTE;75312
2887;(-)CANC.IMPLANTAÇÃO HARDWARE;RECEITAS SERVIÇOS HARDWARE;RECEITA;75314;SERVIÇO NÃO RECORRENTE;75293;RECEITA NÃO RECORRENTE;75312
2888;ASSISTÊNCIA TÉCNICA,CONSERTO E REPAROS;RECEITAS SERVIÇOS HARDWARE;RECEITA;75314;SERVIÇO NÃO RECORRENTE;75293;RECEITA NÃO RECORRENTE;75312
2892;(-)CANC.SUPORTE TÉCNICO EM HARDWARE;RECEITAS SERVIÇOS HARDWARE;RECEITA;75314;SERVIÇO RECORRENTE;75291;RECEITA RECORRENTE;75313
2893;CONFECÇÃO CRACHÁ;RECEITAS SERVIÇOS HARDWARE;RECEITA;75314;SERVIÇO NÃO RECORRENTE;75293;RECEITA NÃO RECORRENTE;75312
2894;(-)CANC.CONFECÇÃO CRACHÁ;RECEITAS SERVIÇOS HARDWARE;RECEITA;75314;SERVIÇO NÃO RECORRENTE;75293;RECEITA NÃO RECORRENTE;75312
6373;(-)CANC.CONSULTORIA DE NEGÓCIO;CONSULTORIA DE NEGÓCIO;RECEITA;75314;SERVIÇO NÃO RECORRENTE;75293;RECEITA NÃO RECORRENTE;75312
3007;EMISSÃO DE BOLETOS;RECEITA FINTECH;RECEITA;75314;EMISSÃO DE BOLETOS;75299;RECEITA FINTECH;75311
6345;CONSULTORIA FAST;CONSULTORIA FAST;RECEITA;75314;SERVIÇO NÃO RECORRENTE;75293;RECEITA NÃO RECORRENTE;75312
6346;(-)CANC.CONSULTORIA FAST;CONSULTORIA FAST;RECEITA;75314;SERVIÇO NÃO RECORRENTE;75293;RECEITA NÃO RECORRENTE;75312
3898;PARTICIPAÇÃO SERVIÇOS DE MIGRAÇÃO;SERVIÇOS DE MIGRAÇÃO;DESPESAS;75317;PARTICIPAÇÃO CANAIS;75305;CUSTOS E DESPESAS OPERACIONAIS;75316
3896;PARTICIPAÇÃO CUSTOMIZAÇÕES BASE INSTALADA;CUST_DESENVOLVIMENTO;DESPESAS;75317;PARTICIPAÇÃO CANAIS;75305;CUSTOS E DESPESAS OPERACIONAIS;75316
5784;PARTICIPAÇÃO SERVICE DELIVERY;SERVICE DELIVERY;DESPESAS;75317;PARTICIPAÇÃO CANAIS;75305;CUSTOS E DESPESAS OPERACIONAIS;75316
3010;(-) CANCELAMENTO INTERMEDIAÇÃO;RECEITA FINTECH;RECEITA;75314;INTERMEDIAÇÃO;75300;RECEITA FINTECH;75311
3062;SERVICE DELIVERY;SERVICE DELIVERY;RECEITA;75314;SERVIÇO NÃO RECORRENTE;75293;RECEITA NÃO RECORRENTE;75312
3052;(-)CANC.TREINAMENTOS EM SISTEMAS IMPLANTADOS;TREINAMENTOS;RECEITA;75314;SERVIÇO NÃO RECORRENTE;75293;RECEITA NÃO RECORRENTE;75312
2916;(-)LICENÇA DE USO TEMPORÁRIA;RECEITAS LICENÇA DE USO TEMPORÁRIA;RECEITA;75314;LUT;75290;RECEITA RECORRENTE;75313
3900;PARTICIPAÇÃO HABILITAÇÃO CLOUD;VENDAS;DESPESAS;75317;PARTICIPAÇÃO CANAIS;75305;CUSTOS E DESPESAS OPERACIONAIS;75316
5783;PARTICIPAÇÃO TREINAMENTOS EM SISTEMAS IMPLANTADOS;TREINAMENTOS;DESPESAS;75317;PARTICIPAÇÃO CANAIS;75305;CUSTOS E DESPESAS OPERACIONAIS;75316
2915;LICENÇA DE USO TEMPORÁRIA;RECEITAS LICENÇA DE USO TEMPORÁRIA;RECEITA;75314;LUT;75290;RECEITA RECORRENTE;75313
3899;PARTICIPAÇÃO LICENÇA DE USO TEMPORÁRIA;RECEITAS LICENÇA DE USO TEMPORÁRIA;DESPESAS;75317;PARTICIPAÇÃO CANAIS;75305;CUSTOS E DESPESAS OPERACIONAIS;75316
5331;(-)CANC.LICENÇAS SOFT.TERCEIROS;VENDAS;RECEITA;75314;LICENÇAS;75292;RECEITA NÃO RECORRENTE;75312
2961;ATUALIZAÇÕES;ATUALIZAÇÕES;RECEITA;75314;ATST;75288;RECEITA RECORRENTE;75313
3001;(-)CANC.CUSTOMIZAÇÕES NOVOS CLIENTES;CUST_DESENVOLVIMENTO;RECEITA;75314;ATST;75288;RECEITA RECORRENTE;75313
3021;CONTRATO DE MANUTENÇÃO SLA;ATUALIZAÇÕES;RECEITA;75314;ATST;75288;RECEITA RECORRENTE;75313
2971;ATUALIZAÇÕES SOFT. TERCEIROS;ATUALIZAÇÕES;RECEITA;75314;ATST;75288;RECEITA RECORRENTE;75313
5251;(-)CANC.LUT - MANUTENÇÃO;ATUALIZAÇÕES;RECEITA;75314;LUT;75290;RECEITA RECORRENTE;75313
3061;SERVIÇOS DE IMPLANTAÇÃO;CONSULTORIA DE IMPLANTAÇÃO;RECEITA;75314;SERVIÇO NÃO RECORRENTE;75293;RECEITA NÃO RECORRENTE;75312
3071;(-) CANC.SERVIÇOS DE IMPLANTAÇÃO;CONSULTORIA DE IMPLANTAÇÃO;RECEITA;75314;SERVIÇO NÃO RECORRENTE;75293;RECEITA NÃO RECORRENTE;75312
3101;CONSULTORIA DE NEGÓCIO;CONSULTORIA DE NEGÓCIO;RECEITA;75314;SERVIÇO NÃO RECORRENTE;75293;RECEITA NÃO RECORRENTE;75312
3121;(-)CANC. SERV. ESPECIALIZADO;CONSULTORIA ESPECIALIZADA;RECEITA;75314;SERVIÇO NÃO RECORRENTE;75293;RECEITA NÃO RECORRENTE;75312
3151;SERVIÇOS DE FÁBRICA DE SOFTWARE;SERVIÇOS FÁBRICA DE SOFTWARE;RECEITA;75314;SERVIÇO NÃO RECORRENTE;75293;RECEITA NÃO RECORRENTE;75312
3671;PARTICIPAÇÃO SERVIÇOS DE CUSTOMIZAÇÃO;SERVIÇOS CUSTOMIZAÇÃO;DESPESAS;75317;PARTICIPAÇÃO CANAIS;75305;CUSTOS E DESPESAS OPERACIONAIS;75316
3681;PARTICIPAÇÃO LUT - MANUTENÇÃO;ATUALIZAÇÕES;DESPESAS;75317;PARTICIPAÇÃO CANAIS;75305;CUSTOS E DESPESAS OPERACIONAIS;75316
3731;PARTICIPAÇÃO SERVIÇOS CORPORATIVO;VENDAS;DESPESAS;75317;PARTICIPAÇÃO CANAIS;75305;CUSTOS E DESPESAS OPERACIONAIS;75316
5261;(-)CANC.CONTRATO SERV. CUSTOMIZADO SLA;SERVIÇOS FÁBRICA DE SOFTWARE;RECEITA;75314;SERVIÇO RECORRENTE;75291;RECEITA RECORRENTE;75313
6012;(-)CANC. RESSARCIMENTO DSPV;RESSARCIMENTO;RECEITA;75314;OUTRAS RECEITAS;75296;RECEITA NÃO RECORRENTE;75312
6802;MOBILIDADE - MANUTENÇÃO;ATUALIZAÇÕES;RECEITA;75314;SAAS;75289;RECEITA RECORRENTE;75313
6172;COMISSIONAMENTO HARDWARE;VENDAS;RECEITA;75314;LICENÇAS;75292;RECEITA NÃO RECORRENTE;75312
6152;CONSULTORIA DE ATENDIMENTO;CONSULTORIA ATENDIMENTO;RECEITA;75314;SERVIÇO NÃO RECORRENTE;75293;RECEITA NÃO RECORRENTE;75312
5762;PARTICIPAÇÃO MANUTENÇÃO;ATUALIZAÇÕES;DESPESAS;75317;PARTICIPAÇÃO CANAIS;75305;CUSTOS E DESPESAS OPERACIONAIS;75316
5772;PARTICIPAÇÃO SERVIÇOS IMPLANTAÇÃO;CONSULTORIA DE IMPLANTAÇÃO;DESPESAS;75317;PARTICIPAÇÃO CANAIS;75305;CUSTOS E DESPESAS OPERACIONAIS;75316
3674;PARTICIPAÇÃO CUSTOMIZAÇÃO;ATUALIZAÇÕES;DESPESAS;75317;PARTICIPAÇÃO CANAIS;75305;CUSTOS E DESPESAS OPERACIONAIS;75316
2900;(-)CANC.VENDA CRACHÁ;RECEITAS VENDAS HARDWARE;RECEITA;75314;VENDAS HARDWARE;75294;RECEITA NÃO RECORRENTE;75312
2904;LOCAÇÃO DE EQUIPAMENTOS;RECEITAS SERVIÇOS HARDWARE;RECEITA;75314;SERVIÇO RECORRENTE;75291;RECEITA RECORRENTE;75313
2873;(-)CANC. CLOUD;CLOUD;RECEITA;75314;SAAS;75289;RECEITA RECORRENTE;75313
2875;VENDA CONTROLE ACESSO;RECEITAS VENDAS HARDWARE;RECEITA;75314;VENDAS HARDWARE;75294;RECEITA NÃO RECORRENTE;75312
2883;(-)CANC.VENDA ACESSÓRIOS;RECEITAS VENDAS HARDWARE;RECEITA;75314;VENDAS HARDWARE;75294;RECEITA NÃO RECORRENTE;75312
2886;IMPLANTAÇÃO HARDWARE;RECEITAS SERVIÇOS HARDWARE;RECEITA;75314;SERVIÇO NÃO RECORRENTE;75293;RECEITA NÃO RECORRENTE;75312
2889;(-)CANC.ASSISTÊNCIA TÉCNICA,CONSERTO E REPAROS;RECEITAS SERVIÇOS HARDWARE;RECEITA;75314;SERVIÇO NÃO RECORRENTE;75293;RECEITA NÃO RECORRENTE;75312
2890;SUPORTE TÉCNICO EM HARDWARE;RECEITAS SERVIÇOS HARDWARE;RECEITA;75314;SERVIÇO RECORRENTE;75291;RECEITA RECORRENTE;75313
3892;PARTICIPAÇÃO SERVIÇOS DE FÁBRICA DE SOFTWARE;SERVIÇOS FÁBRICA DE SOFTWARE;DESPESAS;75317;PARTICIPAÇÃO CANAIS;75305;CUSTOS E DESPESAS OPERACIONAIS;75316
3891;PARTICIPAÇÃO CONTRATO DE MANUTENÇÃO SLA;ATUALIZAÇÕES;DESPESAS;75317;PARTICIPAÇÃO CANAIS;75305;CUSTOS E DESPESAS OPERACIONAIS;75316
3893;PARTICIPAÇÃO CONSULTORIA DE NEGÓCIO;CONSULTORIA DE NEGÓCIO;DESPESAS;75317;PARTICIPAÇÃO CANAIS;75305;CUSTOS E DESPESAS OPERACIONAIS;75316
6375;(-)CANC.SERVIÇOS DE SUSTENTAÇÃO;SERVIÇOS SUSTENTAÇÃO;RECEITA;75314;SERVIÇO RECORRENTE;75291;RECEITA RECORRENTE;75313
3004;(-) CANCELAMENTO CRÉDITO CONSIGNADO;RECEITA FINTECH;RECEITA;75314;CRÉDITO CONSIGNADO;75298;RECEITA FINTECH;75311
2921;(-)CANC. LUT - CDU;VENDAS;RECEITA;75314;LUT;75290;RECEITA RECORRENTE;75313
5341;(-)CANC.LUT SOFT. TERCEIROS - LICENÇAS;VENDAS;RECEITA;75314;LUT;75290;RECEITA RECORRENTE;75313
2991;CUSTOMIZAÇÕES NOVOS CLIENTE;CUST_DESENVOLVIMENTO;RECEITA;75314;ATST;75288;RECEITA RECORRENTE;75313
5351;(-)CANC CONTRATO DE MANUTENÇÃO SLA;ATUALIZAÇÕES;RECEITA;75314;ATST;75288;RECEITA RECORRENTE;75313
3091;CONTRATO SERV. CUSTOMIZADO SLA;SERVIÇOS FÁBRICA DE SOFTWARE;RECEITA;75314;SERVIÇO RECORRENTE;75291;RECEITA RECORRENTE;75313
3141;(-)CANC.SERVIÇOS DE CUSTOMIZAÇÃO;SERVIÇOS CUSTOMIZAÇÃO;RECEITA;75314;SERVIÇO NÃO RECORRENTE;75293;RECEITA NÃO RECORRENTE;75312
2891;LICENÇAS SOFT. TERCEIROS;VENDAS;RECEITA;75314;LICENÇAS;75292;RECEITA NÃO RECORRENTE;75312
2901;LUT - CDU;VENDAS;RECEITA;75314;LUT;75290;RECEITA RECORRENTE;75313
5281;RESSARCIMENTO DSPV - NF;RESSARCIMENTO;RECEITA;75314;OUTRAS RECEITAS;75296;RECEITA NÃO RECORRENTE;75312
3721;PARTICIPAÇÃO VENDAS CORPORATIVA;VENDAS;DESPESAS;75317;PARTICIPAÇÃO CANAIS;75305;CUSTOS E DESPESAS OPERACIONAIS;75316
3181;SERVIÇOS BPO;SERVIÇOS BPO;RECEITA;75314;SERVIÇO RECORRENTE;75291;RECEITA RECORRENTE;75313
5582;CUSTO SOFT.TERC. - ATUALIZAÇÕES;ATUALIZAÇÕES;DESPESAS;75317;CUSTO SOFTWARE DE TERCEIROS;75303;CUSTOS E DESPESAS OPERACIONAIS;75316
6102;(-)CANC.GESTÃO DE PROJETOS;GESTÃO DE PROJETOS;RECEITA;75314;SERVIÇO NÃO RECORRENTE;75293;RECEITA NÃO RECORRENTE;75312
3673;PARTICIPAÇÃO MOBILIDADE - MANUTENÇÃO;ATUALIZAÇÕES;DESPESAS;75317;PARTICIPAÇÃO CANAIS;75305;CUSTOS E DESPESAS OPERACIONAIS;75316
6372;(-)CANC.SERVIÇOS DE FÁBRICA DE SOFTWARE;SERVIÇOS FÁBRICA DE SOFTWARE;RECEITA;75314;SERVIÇO NÃO RECORRENTE;75293;RECEITA NÃO RECORRENTE;75312
6432;PARTICIPAÇÃO LICENÇA UPGRADE;VENDAS;DESPESAS;75317;PARTICIPAÇÃO CANAIS;75305;CUSTOS E DESPESAS OPERACIONAIS;75316
5792;PARTICIPAÇÃO TI;VENDAS;DESPESAS;75317;PARTICIPAÇÃO CANAIS;75305;CUSTOS E DESPESAS OPERACIONAIS;75316
5912;PARTICIPAÇÃO SOFT.TERC. - ATUALIZAÇÕES;ATUALIZAÇÕES;DESPESAS;75317;PARTICIPAÇÃO CANAIS;75305;CUSTOS E DESPESAS OPERACIONAIS;75316
5922;PARTICIPAÇÃO SOFT.TERC. - LICENÇAS;VENDAS;DESPESAS;75317;PARTICIPAÇÃO CANAIS;75305;CUSTOS E DESPESAS OPERACIONAIS;75316
3678;(-)CANC.LUT SOFT. TERCEIROS - ATUALIZAÇÃO;ATUALIZAÇÕES;RECEITA;75314;LUT;75290;RECEITA RECORRENTE;75313
3679;PARTICIPAÇÃO CLOUD;CLOUD;DESPESAS;75317;PARTICIPAÇÃO CANAIS;75305;CUSTOS E DESPESAS OPERACIONAIS;75316
2884;CONTRATO SUPORTE TÉCNICO DE HARDWARE;RECEITAS ATST HARDWARE;RECEITA;75314;SERVIÇO RECORRENTE;75291;RECEITA RECORRENTE;75313
2872;CLOUD;CLOUD;RECEITA;75314;SAAS;75289;RECEITA RECORRENTE;75313
5593;CUSTO SOFT.TERC. - CLOUD;CLOUD;DESPESAS;75317;CUSTO SOFTWARE DE TERCEIROS;75303;CUSTOS E DESPESAS OPERACIONAIS;75316
3894;PARTICIPAÇÃO SERVIÇOS DE SUSTENTAÇÃO;SERVIÇOS SUSTENTAÇÃO;DESPESAS;75317;PARTICIPAÇÃO CANAIS;75305;CUSTOS E DESPESAS OPERACIONAIS;75316
6374;SERVIÇOS DE SUSTENTAÇÃO;SERVIÇOS SUSTENTAÇÃO;RECEITA;75314;SERVIÇO RECORRENTE;75291;RECEITA RECORRENTE;75313
3003;CRÉDITO CONSIGNADO;RECEITA FINTECH;RECEITA;75314;CRÉDITO CONSIGNADO;75298;RECEITA FINTECH;75311
3005;ANTECIPAÇÃO DE RECEBÍVEIS;RECEITA FINTECH;RECEITA;75314;ANTECIPAÇÃO DE RECEBÍVEIS;75297;RECEITA FINTECH;75311
3006;(-) CANCELAMENTO ANTECIPAÇÃO DE RECEBÍVEIS;RECEITA FINTECH;RECEITA;75314;ANTECIPAÇÃO DE RECEBÍVEIS;75297;RECEITA FINTECH;75311
3008;(-) CANCELAMENTO EMISSÃO DE BOLETOS;RECEITA FINTECH;RECEITA;75314;EMISSÃO DE BOLETOS;75299;RECEITA FINTECH;75311
6349;SERVIÇOS PARCEIROS;MARKETPLACE;RECEITA;75314;SERVIÇO NÃO RECORRENTE;75293;RECEITA NÃO RECORRENTE;75312
